"","Date","Close","Daily_ROI","OBV","ATR","MACD","ADX","EPS","Gross_Margin","sentiment_score"
"1",2021-10-01,258.406677246094,-0.000335288791083244,916156200,6.87547268490152,5.55754616681546,15.1751924516631,0.846666666666667,27.3548168632541,0.233704255319149
"2",2021-10-04,260.510009765625,0.0081396213981273,1007606100,7.14031842085721,5.55102313547508,16.0245465326555,0.846666666666667,27.3548168632541,0.135388235294118
"3",2021-10-05,260.196655273438,-0.00120285010341603,952308300,7.18053196975804,5.45765603592594,16.6862493832934,0.846666666666667,27.3548168632541,0.0694454545454545
"4",2021-10-06,260.916656494141,0.00276714249053844,996206700,6.98763761379876,5.37974565888879,17.2323828947075,0.846666666666667,27.3548168632541,0.199939743589744
"5",2021-10-07,264.536682128906,0.0138742603994964,1053794100,7.01828399936447,5.5461740960759,18.4600221812957,0.846666666666667,27.3548168632541,0.192548175182482
"6",2021-10-08,261.829986572266,-0.0102318345223733,1003578300,6.88530990858955,5.39744374922751,19.4178526408835,0.846666666666667,27.3548168632541,0.220011111111111
"7",2021-10-11,263.980010986328,0.00821152856557594,1046179200,6.76850205797601,5.39091971279885,20.4953047766612,0.846666666666667,27.3548168632541,0.185286315789474
"8",2021-10-12,268.573333740234,0.0174002673033609,1112239200,6.77027583675898,5.69079221490796,21.901176113402,0.846666666666667,27.3548168632541,0.191254782608696
"9",2021-10-13,270.359985351562,0.00665237902232008,1154599500,6.51739977601392,6.00340764037105,23.3150064529119,0.846666666666667,27.3548168632541,0.160096551724138
"10",2021-10-14,272.773345947266,0.00892647109950429,1191341100,6.27020487362565,6.37243814783704,24.7987157179311,0.846666666666667,27.3548168632541,0.15842523364486
"11",2021-10-15,281.010009765625,0.0301959995019152,1248114900,6.41495176672047,7.24600003922126,26.8684982450843,0.846666666666667,27.3548168632541,0.0803183098591549
"12",2021-10-18,290.036682128906,0.0321222449364345,1320736500,6.72412068698262,8.56791555530572,29.4727712723269,0.846666666666667,27.3548168632541,0.219143243243243
"13",2021-10-19,288.089996337891,-0.00671186064027041,1268593200,6.61144545794591,9.35067311243842,31.939056542956,0.846666666666667,27.3548168632541,0.155566071428571
"14",2021-10-20,288.600006103516,0.00177031404112626,1310689500,6.42753161175893,9.89806886514276,33.8040347859485,0.846666666666667,27.3548168632541,0.1229
"15",2021-10-21,298,0.0325710107334951,1405134000,7.02794674705182,10.9639987387459,36.1009684473011,0.846666666666667,27.3548168632541,0.186000555555556
"16",2021-10-22,303.226654052734,0.0175391075595113,1473776400,6.97928481422669,12.0911241910605,38.3855965324815,0.846666666666667,27.3548168632541,0.193162275449102
"17",2021-10-25,341.619995117188,0.12661598362582,1662332700,9.70314606215023,15.8991257649265,41.5916218926806,0.846666666666667,27.3548168632541,0.204237012987013
"18",2021-10-26,339.476654052734,-0.00627405039250672,1475087700,11.2362561299766,18.5304373887121,44.7589704663913,0.846666666666667,27.3548168632541,0.177669327731092
"19",2021-10-27,345.953338623047,0.0190784388057106,1590667200,11.6824762208599,20.8974918472732,47.7000798562655,0.846666666666667,27.3548168632541,0.138232768361582
"20",2021-10-28,359.013336181641,0.0377507487297992,1672306800,11.8751568395708,23.555696805552,50.4673731678258,0.846666666666667,27.3548168632541,0.1852872
"21",2021-10-29,371.333343505859,0.0343162943617936,1762062000,12.02693135103,26.3526876357017,53.1494731870367,0.846666666666667,27.3548168632541,0.147279365079365
"22",2021-11-01,402.863342285156,0.0849102277797451,1930208100,13.4476260041094,30.7589602669516,55.8598522116532,0.846666666666667,27.3548168632541,0.211410727969349
"23",2021-11-02,390.666656494141,-0.0302749952920326,1801994700,13.9773200241842,32.8876837153205,58.3766327345115,0.846666666666667,27.3548168632541,0.155453170731707
"24",2021-11-03,404.619995117188,0.0357167380197345,1905880200,14.4734642970103,35.2937854101509,60.7269866338073,0.846666666666667,27.3548168632541,0.147228461538462
"25",2021-11-04,409.970001220703,0.0132222978796837,1982072400,14.145122451995,37.2034805535588,62.9626299697852,0.846666666666667,27.3548168632541,0.19998322147651
"26",2021-11-05,407.363342285156,-0.00635816993386207,1917186000,13.8935674233369,38.0677705593355,64.6461928715297,0.846666666666667,27.3548168632541,0.233876404494382
"27",2021-11-08,387.646667480469,-0.0484007095338631,1816848900,15.0223615924568,36.7382599462871,63.4875977779288,0.846666666666667,27.3548168632541,0.13955069124424
"28",2021-11-09,341.166656494141,-0.119903032543598,1639531500,17.8298114898706,31.5701438038636,59.6263780166309,0.846666666666667,27.3548168632541,0.170817412935323
"29",2021-11-10,355.983337402344,0.0434294519296248,1767939600,18.7179203964256,28.3432336928886,55.6237389976141,0.846666666666667,27.3548168632541,0.161128571428571
"30",2021-11-11,354.503326416016,-0.00415752882460163,1700749800,18.5783072382267,25.3739643968577,52.3200023210934,0.846666666666667,27.3548168632541,0.247311258278146
"31",2021-11-12,344.473327636719,-0.0282931020159921,1624030500,18.3062845079013,21.9583379586347,48.6383618791454,0.846666666666667,27.3548168632541,0.248562790697674
"32",2021-11-15,337.796661376953,-0.0193822444993675,1519703700,18.3039295737432,18.4994283357877,45.7442116777184,0.846666666666667,27.3548168632541,0.15337417218543
"33",2021-11-16,351.57666015625,0.0407937684260282,1599330900,18.3065057711823,16.6778958748027,42.6261036917492,0.846666666666667,27.3548168632541,0.167121705426357
"34",2021-11-17,363.003326416016,0.0325012082846663,1693667100,18.5443737671581,15.972236743758,40.3759704784656,0.846666666666667,27.3548168632541,0.206576991150442
"35",2021-11-18,365.459991455078,0.00676761026770056,1756363800,18.100251366379,15.4333233907137,38.2865610661309,0.846666666666667,27.3548168632541,0.1817234375
"36",2021-11-19,379.019989013672,0.0371039180092043,1821290700,17.9030902929155,15.9169287069262,36.7296055900772,0.846666666666667,27.3548168632541,0.177351219512195
"37",2021-11-22,385.623321533203,0.0174221220804611,1920508200,18.2795366894037,16.6411938285148,36.0791485402128,0.846666666666667,27.3548168632541,0.2115
"38",2021-11-23,369.676666259766,-0.0413529327272921,1811993100,19.7786171114217,15.7468969210121,34.2290439147574,0.846666666666667,27.3548168632541,0.19506746031746
"39",2021-11-24,372,0.00628477248440085,1879673700,20.050858484741,15.052122298446,32.4994764827278,0.846666666666667,27.3548168632541,0.253277551020408
"40",2021-11-26,360.640014648438,-0.030537595031082,1844631000,19.4519869139838,13.4300393917701,30.8934495815575,0.846666666666667,27.3548168632541,0.110170114942529
"41",2021-11-29,378.996673583984,0.0509002279002275,1903024500,19.5089878486992,13.4704766945973,29.8939421652212,0.846666666666667,27.3548168632541,0.182841237113402
"42",2021-11-30,381.586669921875,0.0068338234037737,1984300500,19.3059663603435,13.5552580306658,29.3101876231146,0.846666666666667,27.3548168632541,0.129313265306122
"43",2021-12-01,365,-0.0434676345619487,1915850100,19.8812534311448,12.1440531232119,28.2207426646393,0.846666666666667,27.3548168632541,0.168715652173913
"44",2021-12-02,361.533325195312,-0.00949773919092467,1842735300,19.8028299857282,10.6234706258503,26.5715526876234,0.846666666666667,27.3548168632541,0.119831896551724
"45",2021-12-03,338.323333740234,-0.0641987607713322,1750413300,20.540010133232,7.45955658020921,25.2260340231869,0.846666666666667,27.3548168632541,0.170644444444444
"46",2021-12-06,336.336669921875,-0.00587208631576308,1668750300,20.7666749716507,4.73721704805479,24.6620770508575,0.846666666666667,27.3548168632541,0.176529192546584
"47",2021-12-07,350.583343505859,0.042358371411876,1724835000,20.4419125608688,3.68683135237637,23.5091061501814,0.846666666666667,27.3548168632541,0.162549137931034
"48",2021-12-08,356.320007324219,0.0163631955842292,1766741400,19.9193936600366,3.27949002813989,22.1907590212156,0.846666666666667,27.3548168632541,0.276097058823529
"49",2021-12-09,334.600006103516,-0.0609564458190525,1707303000,20.0822949848219,1.19032518923029,21.4202569471441,0.846666666666667,27.3548168632541,0.107768224299065
"50",2021-12-10,339.010009765625,0.0131799270223116,1766967300,19.5633203709507,-0.108254665236984,20.9866967397686,0.846666666666667,27.3548168632541,0.220660550458716
"51",2021-12-13,322.136657714844,-0.0497724302077295,1688371800,19.7280828528248,-2.47044924854015,21.007320938008,0.846666666666667,27.3548168632541,0.169489393939394
"52",2021-12-14,319.503326416016,-0.00817457819767642,1617565500,19.1858382001118,-4.50308454706271,21.3039176510185,0.846666666666667,27.3548168632541,0.138946616541353
"53",2021-12-15,325.329986572266,0.0182366181335567,1692734700,19.0178028648081,-5.57948307848852,21.3137963067612,0.846666666666667,27.3548168632541,0.185221568627451
"54",2021-12-16,308.973327636719,-0.0502771327902587,1609963200,19.4005796935216,-7.66403610989437,20.9727712913934,0.846666666666667,27.3548168632541,0.213681578947368
"55",2021-12-17,310.856658935547,0.00609544944618157,1710400500,19.2438715039174,-9.05965623191668,20.8538869899506,0.846666666666667,27.3548168632541,0.166756637168142
"56",2021-12-20,299.980010986328,-0.0349892712173617,1653920400,18.8021662221085,-10.9174996826478,20.9845572231973,0.846666666666667,27.3548168632541,0.130742156862745
"57",2021-12-21,312.843322753906,0.0428805630257958,1725438300,18.7301068463106,-11.2225259525288,20.6786165157929,0.846666666666667,27.3548168632541,0.12226862745098
"58",2021-12-22,336.290008544922,0.0749470552371663,1819072500,19.2286722124782,-9.46322372534576,19.5371521197002,0.846666666666667,27.3548168632541,0.200752095808383
"59",2021-12-23,355.666656494141,0.0576188630553096,1911785700,19.6509109579038,-6.43129452319516,19.3580392104125,0.846666666666667,27.3548168632541,0.232257142857143
"60",2021-12-27,364.646667480469,0.0252483914990667,1982931600,19.4377521046049,-3.26620615766416,19.76462672489,0.846666666666667,27.3548168632541,0.179568965517241
"61",2021-12-28,362.823333740234,-0.00500027534279346,1922607600,19.0155321230818,-0.894665472692338,20.1673745145371,0.846666666666667,27.3548168632541,0.233495238095238
"62",2021-12-29,362.063323974609,-0.00209471027618402,1866453600,18.6063285520692,0.912947281782067,20.2284406975959,0.846666666666667,27.3548168632541,0.130908383233533
"63",2021-12-30,356.779998779297,-0.0145922683836461,1819412700,18.2868287482663,1.89730230424527,20.0419026237286,0.846666666666667,27.3548168632541,0.116261788617886
"64",2021-12-31,352.260009765625,-0.01266884082386,1778679000,17.6332451030218,2.28633002383952,19.8686886979947,0.846666666666667,27.3548168632541,0.16684140625
"65",2022-01-03,399.926666259766,0.135316684189771,1882610400,19.8092025363718,6.36753710255465,21.2449588666268,1.07333333333333,29.1106845809341,0.128924104234528
"66",2022-01-04,383.196655273438,-0.041832696836128,1782362100,20.4168773831042,8.15791171970352,22.2270064891014,1.07333333333333,29.1106845809341,0.0883492857142857
"67",2022-01-05,362.706665039062,-0.0534712136768364,1702242300,21.0854341674026,7.8331300851583,22.2323371963228,1.07333333333333,29.1106845809341,0.0864772727272727
"68",2022-01-06,354.899993896484,-0.0215233738308541,1611905700,21.1893323372254,6.86665070671739,21.126104179233,1.07333333333333,29.1106845809341,0.146734188034188
"69",2022-01-07,342.320007324219,-0.0354465674517168,1527741000,21.3646186748845,5.02765339639956,19.9218584366354,1.07333333333333,29.1106845809341,0.0885096296296296
"70",2022-01-10,352.706665039062,0.0303419534138019,1619556000,21.7219079624765,4.35811363028165,18.6906896691709,1.07333333333333,29.1106845809341,0.187184666666667
"71",2022-01-11,354.799987792969,0.00593502465759865,1685619300,21.0520090190072,3.95086903457178,17.4465433424013,1.07333333333333,29.1106845809341,0.196232110091743
"72",2022-01-12,368.739990234375,0.0392897489318418,1769358300,20.7492479813772,4.69880159411844,16.9126403378703,1.07333333333333,29.1106845809341,0.159630612244898
"73",2022-01-13,343.853332519531,-0.0674910733143577,1672148400,21.3876356988067,3.2459806011932,15.7839523090206,1.07333333333333,29.1106845809341,0.109021794871795
"74",2022-01-14,349.869995117188,0.0174977585750591,1745072700,20.7794704012636,2.5507009922905,14.9483738999415,1.07333333333333,29.1106845809341,0.216258895705521
"75",2022-01-18,343.503326416016,-0.018197241232531,1678329300,20.5983165619155,1.46901603488249,13.9174854480358,1.07333333333333,29.1106845809341,0.142512121212121
"76",2022-01-19,331.883331298828,-0.0338278969185718,1602886800,20.5477235680957,-0.322150035510617,13.250258031259,1.07333333333333,29.1106845809341,0.102132673267327
"77",2022-01-20,332.089996337891,0.000622703882878772,1673375400,20.2147902928634,-1.70532795038901,12.6483004294309,1.07333333333333,29.1106845809341,0.183557692307692
"78",2022-01-21,314.633331298828,-0.0525660671250721,1569959400,20.2958771364814,-4.16213489022874,12.970280864775,1.07333333333333,29.1106845809341,0.0702471698113208
"79",2022-01-24,310,-0.0147261298721957,1418393700,21.0468857380609,-6.40916236960828,14.3844608607338,1.07333333333333,29.1106845809341,0.0809756097560976
"80",2022-01-25,306.133331298828,-0.01247312484249,1331797800,20.6875840851748,-8.40506730118591,15.3288150425922,1.07333333333333,29.1106845809341,0.141203821656051
"81",2022-01-26,312.470001220703,0.0206990525827113,1436665200,21.1549002924,-9.36753689995118,15.4842543272045,1.07333333333333,29.1106845809341,0.166153821656051
"82",2022-01-27,276.366668701172,-0.115541755619704,1289555700,22.2250258225746,-12.894893887437,16.528175394188,1.07333333333333,29.1106845809341,0.0830505703422053
"83",2022-01-28,282.116668701172,0.0208056927668703,1424344800,22.1968109130938,-15.0528528504251,17.8630093281791,1.07333333333333,29.1106845809341,0.161705882352941
"84",2022-01-31,312.239990234375,0.10677611383931,1528780800,22.7932288033695,-14.1690189486882,17.6883531304255,1.07333333333333,29.1106845809341,0.148735114503817
"85",2022-02-01,310.416656494141,-0.00583952663739751,1455642600,22.0865713469904,-13.46053731323,17.4349731464703,1.07333333333333,29.1106845809341,0.149576315789474
"86",2022-02-02,301.886657714844,-0.0274791915989143,1388849700,21.5111018778695,-13.432518415271,17.3928852395593,1.07333333333333,29.1106845809341,0.137313541666667
"87",2022-02-03,297.046661376953,-0.0160324950248791,1309994100,21.3193582204379,-13.6435857282657,17.4665268524927,1.07333333333333,29.1106845809341,0.127096
"88",2022-02-04,307.773345947266,0.0361111096842133,1383619500,21.1139275516511,-12.7977794610056,17.5349083502165,1.07333333333333,29.1106845809341,0.23787037037037
"89",2022-02-07,302.446655273438,-0.0173071864213376,1322625000,20.6786484073367,-12.4141882858678,17.3687866782211,1.07333333333333,29.1106845809341,0.115851807228916
"90",2022-02-08,307.333343505859,0.0161571905234128,1373354100,19.951364491383,-11.5823603747163,17.3362979907648,1.07333333333333,29.1106845809341,0.209286363636364
"91",2022-02-09,310.666656494141,0.010845920427172,1425613500,19.1517444098277,-10.5327453298804,16.8730899771669,1.07333333333333,29.1106845809341,0.137129885057471
"92",2022-02-10,301.516662597656,-0.0294527710174682,1359486600,18.9054297107719,-10.3202801174934,16.8323011793231,1.07333333333333,29.1106845809341,0.147586764705882
"93",2022-02-11,286.666656494141,-0.0492510296962642,1279840800,19.1088509040036,-11.2208246104337,17.4821777244571,1.07333333333333,29.1106845809341,0.0923050505050505
"94",2022-02-14,291.920013427734,0.018325664372135,1347597300,18.8327434942869,-11.379435559084,18.0856345163673,1.07333333333333,29.1106845809341,0.219140350877193
"95",2022-02-15,307.476654052734,0.0532907642827685,1404883500,18.6123077494382,-10.1330376421109,18.0578619215665,1.07333333333333,29.1106845809341,0.287286363636364
"96",2022-02-16,307.796661376953,0.00104075324094,1456177800,17.8833341420565,-9.01551119534696,17.948727612176,1.07333333333333,29.1106845809341,0.15218
"97",2022-02-17,292.116668701172,-0.0509426990066609,1400999400,17.7795240373226,-9.28804104514864,18.3113490880964,1.07333333333333,29.1106845809341,0.114563725490196
"98",2022-02-18,285.660003662109,-0.0221030352967208,1332497700,17.6824139568107,-9.91077655970315,19.2053964038137,1.07333333333333,29.1106845809341,0.170294117647059
"99",2022-02-22,273.843322753906,-0.0413662422345286,1249209600,17.7498614218097,-11.2283726442996,20.5220998481905,1.07333333333333,29.1106845809341,0.171559223300971
"100",2022-02-23,254.679992675781,-0.0699791759952695,1153952700,18.2615366644901,-13.6614173020612,22.2139885635825,1.07333333333333,29.1106845809341,0.102266883116883
"101",2022-02-24,266.92333984375,0.0480734550026278,1289274900,19.3971425399479,-14.4352859373122,24.3625191041089,1.07333333333333,29.1106845809341,-0.00170471698113208
"102",2022-02-25,269.956665039062,0.0113640313248295,1365342600,18.8949658371782,-14.6351139301213,25.9005233917866,1.07333333333333,29.1106845809341,0.162296721311475
"103",2022-02-28,290.143341064453,0.0747774685335871,1464349500,19.14032664094,-13.0145592679877,25.949783646539,1.07333333333333,29.1106845809341,0.147936893203884
"104",2022-03-01,288.123321533203,-0.00696214334555856,1389582600,18.632685860365,-11.7577210278632,25.7122229396088,1.07333333333333,29.1106845809341,0.221794736842105
"105",2022-03-02,293.296661376953,0.0179552971145165,1464225900,18.3067802506403,-10.226339501451,25.6245647282748,1.07333333333333,29.1106845809341,0.166595402298851
"106",2022-03-03,279.763336181641,-0.0461421044882577,1402602300,18.28105921781,-9.98958117580878,25.709337411302,1.07333333333333,29.1106845809341,0.191423333333333
"107",2022-03-04,279.429992675781,-0.00119151962658515,1335602700,17.7012214221182,-9.71683688495182,25.8963362670914,1.07333333333333,29.1106845809341,0.23132523364486
"108",2022-03-07,268.193328857422,-0.0402128050420025,1263108600,17.902799565516,-10.2887871966003,26.3676384115022,1.07333333333333,29.1106845809341,0.156639285714286
"109",2022-03-08,274.799987792969,0.0246339421032322,1343507700,18.2387895205182,-10.0926183553512,27.1127884156363,1.07333333333333,29.1106845809341,0.15410099009901
"110",2022-03-09,286.323333740234,0.0419335751788577,1402691700,17.7969720352356,-8.90466795282049,27.4979737032656,1.07333333333333,29.1106845809341,0.196553488372093
"111",2022-03-10,279.433319091797,-0.0240637553301487,1344043200,17.6831410772222,-8.42209068116517,28.1678535773443,1.07333333333333,29.1106845809341,0.148545098039216
"112",2022-03-11,265.116668701172,-0.0512345859010529,1277006100,17.6112500188324,-9.09009381081654,29.0186182290643,1.07333333333333,29.1106845809341,0.0490063829787234
"113",2022-03-14,255.456665039062,-0.0364368023686874,1205853900,17.4166362828332,-10.2804658562579,30.2816367034761,1.07333333333333,29.1106845809341,0.00670957446808511
"114",2022-03-15,267.296661376953,0.0463483555462534,1272695100,17.3392582273351,-10.1514360887663,31.2958978953061,1.07333333333333,29.1106845809341,0.128642424242424
"115",2022-03-16,280.07666015625,0.0478120404252786,1356723900,17.0557394337531,-8.91517142712638,31.1165111815699,1.07333333333333,29.1106845809341,0.12020243902439
"116",2022-03-17,290.533325195312,0.0373350104690227,1423306800,17.0108056356112,-7.01084068993771,30.0684288636005,1.07333333333333,29.1106845809341,0.238183950617284
"117",2022-03-18,301.796661376953,0.0387677942765043,1523721000,16.7590812200932,-4.54044830084206,28.3203637991475,1.07333333333333,29.1106845809341,0.225593902439024
"118",2022-03-21,307.053344726562,0.0174179638887511,1605702600,16.4539085485408,-2.13387612422173,26.6261795918931,1.07333333333333,29.1106845809341,0.145937373737374
"119",2022-03-22,331.32666015625,0.0790524377817914,1711571100,17.1048186801182,1.7122654287661,26.0103373880541,1.07333333333333,29.1106845809341,0.223466972477064
"120",2022-03-23,333.036682128906,0.0051611360578403,1832247300,17.4139972809524,4.84252320822753,26.0558313705626,1.07333333333333,29.1106845809341,0.174917054263566
"121",2022-03-24,337.973327636719,0.0148231284201352,1901168100,17.0199022952036,7.63362540406155,26.098075782892,1.07333333333333,29.1106845809341,0.235261
"122",2022-03-25,336.880004882812,-0.00323493798031727,1839136500,16.3870523928397,9.64617687166475,26.1373027371979,1.07333333333333,29.1106845809341,0.1928175
"123",2022-03-28,363.946655273438,0.0803450783611821,1941642600,17.293690548513,13.272197262097,27.166583231223,1.07333333333333,29.1106845809341,0.182018367346939
"124",2022-03-29,366.523345947266,0.00707985809594058,2015257500,17.0503310603937,16.1673942911217,28.3063968792495,1.07333333333333,29.1106845809341,0.202490291262136
"125",2022-03-30,364.663330078125,-0.00507475414515135,1955392500,16.5455457991045,18.1030899078777,29.3647952667026,1.07333333333333,29.1106845809341,0.0931755102040816
"126",2022-03-31,359.200012207031,-0.0149818131423395,1906399800,15.9946720269028,18.97753729986,30.1284688545957,1.07333333333333,29.1106845809341,0.20058152173913
"127",2022-04-01,361.529998779297,0.00648659936827256,1960662900,15.521480819066,19.6322452987749,30.5333814538215,0.756666666666667,25.0029526396599,0.101621238938053
"128",2022-04-04,381.816680908203,0.0561134129875918,2042698800,16.2551846863425,21.5397746951164,31.61102064926,0.756666666666667,25.0029526396599,0.21090974025974
"129",2022-04-05,363.753326416016,-0.0473089715442011,1962623700,16.6552921696841,21.3478589100229,32.645728789981,0.756666666666667,25.0029526396599,0.143647321428571
"130",2022-04-06,348.586669921875,-0.0416948942943683,1873275300,16.9789602652647,19.7443413647901,31.9400102081391,0.756666666666667,25.0029526396599,0.155825
"131",2022-04-07,352.420013427734,0.0109968161052127,1952722500,17.0768921108541,18.5688112444649,31.1315503374768,0.756666666666667,25.0029526396599,0.207817361111111
"132",2022-04-08,341.829986572266,-0.0300494479654184,1897708800,16.6861633495877,16.5914130107885,30.3808376004332,0.756666666666667,25.0029526396599,0.242291286307054
"133",2022-04-11,325.309997558594,-0.0483280860738045,1838351700,16.705007516721,13.5352595672359,28.5134952047443,0.756666666666667,25.0029526396599,0.16854358974359
"134",2022-04-12,328.983337402344,0.0112918135664994,1904327700,16.589411974232,11.2796193403958,27.0358096270219,0.756666666666667,25.0029526396599,0.133508510638298
"135",2022-04-13,340.790008544922,0.0358883560359127,1959448800,16.669690966865,10.3256798881152,25.7674753458266,0.756666666666667,25.0029526396599,0.100588764044944
"136",2022-04-14,328.333343505859,-0.0365523188084327,1901026500,16.4356659738355,8.46692578548465,24.5897363704309,0.756666666666667,25.0029526396599,0.134001675977654
"137",2022-04-18,334.763336181641,0.019583733431163,1952741700,16.2500233986955,7.42708166456305,23.2556189736628,0.756666666666667,25.0029526396599,0.0608009345794392
"138",2022-04-19,342.716674804688,0.0237580934452495,2002589400,16.0324030575777,7.16220423303486,22.4895072025335,0.756666666666667,25.0029526396599,0.0959824742268041
"139",2022-04-20,325.733337402344,-0.0495550367137008,1931878200,16.2860394811994,5.5182624727272,21.2105572815273,0.756666666666667,25.0029526396599,0.156584285714286
"140",2022-04-21,336.260009765625,0.032316840662455,2037294600,17.8613221138202,5.00712227955438,21.254157985797,0.756666666666667,25.0029526396599,0.149521844660194
"141",2022-04-22,335.016662597656,-0.00369757667239523,1967598000,17.5581325843453,4.45041070421576,21.2248433710762,0.756666666666667,25.0029526396599,0.107942105263158
"142",2022-04-25,332.67333984375,-0.00699464538789374,1899256800,17.0973130380026,3.77659200579876,20.6574802452696,0.756666666666667,25.0029526396599,0.215315384615385
"143",2022-04-26,292.140014648438,-0.121841218819489,1763123100,18.8522683218395,-0.0277943633084305,20.3814958858248,0.756666666666667,25.0029526396599,0.0951479262672811
"144",2022-04-27,293.836669921875,0.00580767847047325,1840079400,18.4956766811054,-2.87277648978989,20.1252246949118,0.756666666666667,25.0029526396599,0.132658536585366
"145",2022-04-28,292.503326416016,-0.00453770288852606,1715130900,19.0388430684204,-5.17537648120674,20.7545873275608,0.756666666666667,25.0029526396599,0.140805797101449
"146",2022-04-29,290.253326416016,-0.00769222021359139,1626997800,19.2122596210109,-7.09991634364206,20.5236448457026,0.756666666666667,25.0029526396599,0.213597706422018
"147",2022-05-02,300.980010986328,0.036956284714333,1702779300,19.2287645664688,-7.67114605539814,20.6473376476103,0.756666666666667,25.0029526396599,0.230536893203883
"148",2022-05-03,303.083343505859,0.00698827976196337,1766488800,18.7002826038528,-7.86348302395783,20.3475158926862,0.756666666666667,25.0029526396599,0.196523943661972
"149",2022-05-04,317.540008544922,0.0476986457646855,1848132600,19.0364536497271,-6.77132380220382,19.3775763879767,0.756666666666667,25.0029526396599,0.154732978723404
"150",2022-05-05,291.093322753906,-0.0832861531754802,1755613500,19.9367080067779,-7.94818454567184,18.9621548650648,0.756666666666667,25.0029526396599,0.173773737373737
"151",2022-05-06,288.549987792969,-0.0087371806981903,1682710500,19.581465854229,-8.98253595643325,18.8224865513133,0.756666666666667,25.0029526396599,0.151345967741935
"152",2022-05-09,262.369995117188,-0.0907294880724968,1591900200,20.1946937570798,-11.7789926204092,19.606771587737,0.756666666666667,25.0029526396599,0.1083568
"153",2022-05-10,266.679992675781,0.0164271739863726,1676301900,19.9691193180976,-13.4918976929764,20.4260647702154,0.756666666666667,25.0029526396599,0.0860034246575342
"154",2022-05-11,244.66667175293,-0.0825458284364604,1579077300,20.5087069344667,-16.4362119095688,21.7659557400939,0.756666666666667,25.0029526396599,0.0724802919708029
"155",2022-05-12,242.66667175293,-0.00817438675104731,1438764300,20.9404656868458,-18.7152476985279,23.4999483383968,0.756666666666667,25.0029526396599,0.102129197080292
"156",2022-05-13,256.529998779297,0.057129093691457,1530915000,20.8578138845069,-19.1816314433466,24.4163867816135,0.756666666666667,25.0029526396599,0.16434954954955
"157",2022-05-16,241.456665039062,-0.0587585616183727,1444816500,20.5743985634456,-20.5308689042535,25.6197957122058,0.756666666666667,25.0029526396599,0.0429276785714286
"158",2022-05-17,253.869995117188,0.0514101777895293,1525052700,20.0597983172843,-20.3637566078002,26.7372468620415,0.756666666666667,25.0029526396599,0.0484741176470588
"159",2022-05-18,236.603332519531,-0.068013798124059,1437240900,20.0745743373109,-21.3781601541776,28.0769594571746,0.756666666666667,25.0029526396599,0.0536282442748092
"160",2022-05-19,236.473327636719,-0.000549463447653498,1346944200,19.5904387871988,-21.9396657705761,29.3918018075248,0.756666666666667,25.0029526396599,0.0746598591549296
"161",2022-05-20,221.300003051758,-0.0641650571614186,1201971000,20.300169756919,-23.3399748013629,31.1921953080248,0.756666666666667,25.0029526396599,0.127947520661157
"162",2022-05-23,224.966659545898,0.0165687141598596,1290874500,19.847777260331,-23.8786035832005,32.8639892727748,0.756666666666667,25.0029526396599,0.0894789855072464
"163",2022-05-24,209.386672973633,-0.0692546469050759,1201782000,19.7236492668476,-25.271333283189,34.5717364217106,0.756666666666667,25.0029526396599,0.116807746478873
"164",2022-05-25,219.600006103516,0.0487773791179582,1293921300,19.4174368924578,-25.259772048794,35.6709032437285,0.756666666666667,25.0029526396599,0.07658046875
"165",2022-05-26,235.910003662109,0.0742713893682931,1399924500,19.5783341264926,-23.6617710251632,35.2947289709977,0.756666666666667,25.0029526396599,0.217362790697674
"166",2022-05-27,253.210006713867,0.0733330625374258,1489219500,19.419643041425,-20.7600688854243,33.9694337455482,0.756666666666667,25.0029526396599,0.173542857142857
"167",2022-05-31,252.753326416016,-0.00180356338905518,1387305000,19.0937166952044,-18.2865038836293,32.3256717488134,0.756666666666667,25.0029526396599,0.225208695652174
"168",2022-06-01,246.789993286133,-0.0235934902002736,1310057100,18.7074984145899,-16.6158398853631,30.8578955308081,0.756666666666667,25.0029526396599,0.141279347826087
"169",2022-06-02,258.333343505859,0.0467739800387408,1403530200,18.9529146568095,-14.1967237451438,29.0297376572281,0.756666666666667,25.0029526396599,0.200656
"170",2022-06-03,234.516662597656,-0.0921935998852696,1291136400,19.3788973065324,-14.0395249755962,27.8267735304532,0.756666666666667,25.0029526396599,0.0554846534653465
"171",2022-06-06,238.279998779297,0.0160472016783606,1375341000,18.7458805416126,-13.456159805756,26.7097354127337,0.756666666666667,25.0029526396599,0.0704975
"172",2022-06-07,238.886672973633,0.00254605588989398,1448149500,18.1142701865895,-12.7973651095438,25.9236594418274,0.756666666666667,25.0029526396599,0.111798734177215
"173",2022-06-08,241.866668701172,0.0124745164326014,1524360000,17.611583755851,-11.8976560432542,24.4357488048953,0.756666666666667,25.0029526396599,0.156023529411765
"174",2022-06-09,239.706665039062,-0.00893055530846243,1427868600,17.5121850033404,-11.2294779382298,22.720128576729,0.756666666666667,25.0029526396599,0.235218032786885
"175",2022-06-10,232.229995727539,-0.0311909112343832,1330332000,17.1036957145974,-11.1744347760874,21.8096725347549,0.756666666666667,25.0029526396599,0.190124637681159
"176",2022-06-13,215.736663818359,-0.0710215399070596,1227564600,17.1353361190513,-12.3196731942171,21.6998703675069,0.756666666666667,25.0029526396599,0.117493518518519
"177",2022-06-14,220.889999389648,0.0238871570556405,1325553300,16.9537648257402,-12.6654523287262,21.7499988948121,0.756666666666667,25.0029526396599,0.148195890410959
"178",2022-06-15,233,0.0548236708036274,1444685100,16.9937342083045,-11.8259863332426,21.0665864586384,0.756666666666667,25.0029526396599,0.229478409090909
"179",2022-06-16,213.100006103516,-0.0854076991265423,1337294400,17.5160868464669,-12.6209798802814,20.9557286723344,0.756666666666667,25.0029526396599,0.117484523809524
"180",2022-06-17,216.759994506836,0.0171749802838692,1429936200,16.8270802943755,-12.8080443549867,20.8527892993378,0.756666666666667,25.0029526396599,-0.0322631578947368
"181",2022-06-21,237.036666870117,0.0935443480214786,1552729200,17.5406221054497,-11.1911318961609,19.5740964718,0.756666666666667,25.0029526396599,0.130568181818182
"182",2022-06-22,236.086669921875,-0.0040078058841535,1451621700,17.2167682472619,-9.87256910638604,18.5831648776616,0.756666666666667,25.0029526396599,0.131851020408163
"183",2022-06-23,235.070007324219,-0.00430631088994848,1347419100,16.7498557064418,-8.80810047140244,17.3128735345505,0.756666666666667,25.0029526396599,0.0184782051282051
"184",2022-06-24,245.706665039062,0.0452488934505932,1443189900,16.3389130363528,-7.02522955253713,16.5655022644708,0.756666666666667,25.0029526396599,0.132712962962963
"185",2022-06-27,244.919998168945,-0.00320165051278576,1354011600,15.8506579390994,-5.61108781881967,16.238758568589,0.756666666666667,25.0029526396599,0.223263043478261
"186",2022-06-28,232.663330078125,-0.0500435578248114,1263620400,15.9775154583071,-5.41693790000309,15.2000579463327,0.756666666666667,25.0029526396599,0.182214705882353
"187",2022-06-29,228.490005493164,-0.0179371823809089,1180723200,15.5784071676886,-5.53600943591289,14.6384887943683,0.756666666666667,25.0029526396599,0.12530125
"188",2022-06-30,224.473327636719,-0.0175792277993774,1086122700,15.2223307994748,-5.88662942056251,14.3247417736455,0.756666666666667,25.0029526396599,0.0693428571428572
"189",2022-07-01,227.263336181641,0.0124291316669798,1160583000,14.7143072145375,-5.87168280756703,13.9735091773656,1.05,25.08623101,0.146846052631579
"190",2022-07-05,233.066665649414,0.0255357048139746,1245164100,14.8761421083233,-5.33011507280438,14.0312040257527,1.05,25.08623101,0.0526720930232558
"191",2022-07-06,231.733337402344,-0.00572080200038538,1173310500,14.3404661339285,-4.95143018268195,13.9620139816362,1.05,25.08623101,0.188144871794872
"192",2022-07-07,244.543334960938,0.0552790448805929,1255241100,14.2897178117925,-3.57643303979015,13.013662003416,1.05,25.08623101,0.0505478260869565
"193",2022-07-08,250.763336181641,0.0254351696876003,1357095300,14.2561659727665,-1.96221657074716,12.7184339923063,1.05,25.08623101,0.224756140350877
"194",2022-07-11,234.343338012695,-0.0654800594814685,1257854100,14.6262024050968,-1.985013019353,11.8672198584701,1.05,25.08623101,0.0961144444444444
"195",2022-07-12,233.070007324219,-0.00543361163698874,1169923200,14.3959976312534,-2.08182849105256,11.3425848053932,1.05,25.08623101,0.0725753246753247
"196",2022-07-13,237.039993286133,0.0170334484796728,1267877700,14.5839018793419,-1.81726249053852,11.0930577034078,1.05,25.08623101,0.119477477477477
"197",2022-07-14,238.313339233398,0.00537186121891486,1346435100,14.2079094111188,-1.48769443747028,10.86135396585,1.05,25.08623101,0.1959125
"198",2022-07-15,240.066665649414,0.0073572315408601,1416118200,13.674011410492,-1.07266557139596,10.2088262361598,1.05,25.08623101,0.145201449275362
"199",2022-07-18,240.546661376953,0.00199942681021792,1498655700,13.4768198867515,-0.696986138840089,9.92437390137994,1.05,25.08623101,0.228732258064516
"200",2022-07-19,245.529998779297,0.0207167182193169,1579545900,13.2401420432782,0.00282364968941806,9.42439740595625,1.05,25.08623101,0.102524175824176
"201",2022-07-20,247.5,0.00802346446665325,1668410100,12.8072742313141,0.708226588226552,9.25809228368459,1.05,25.08623101,0.0933323420074349
"202",2022-07-21,271.706665039062,0.0978047072285353,1810442400,13.73294482891,3.18383776440479,10.622763481723,1.05,25.08623101,0.132842211055276
"203",2022-07-22,272.243347167969,0.00197522621989821,1913915100,13.4715462166888,5.12994836839559,12.2778251103423,1.05,25.08623101,0.207682926829268
"204",2022-07-25,268.433319091797,-0.0139949354715403,1849841700,12.9911981714956,6.29228408489436,13.4828749107759,1.05,25.08623101,0.233802380952381
"205",2022-07-26,258.859985351562,-0.0356637312112531,1783020900,12.9325399385428,6.36755428709102,13.5719723260102,1.05,25.08623101,0.0988710526315789
"206",2022-07-27,274.820007324219,0.0616550369922206,1871130900,13.2278357220899,7.62712609247589,14.173064809465,1.05,25.08623101,0.12678253968254
"207",2022-07-28,280.899993896484,0.0221235223427265,1955853900,13.0329903133692,9.0120644575311,15.13646785389,1.05,25.08623101,0.270765934065934
"208",2022-07-29,297.149993896484,0.0578497698579101,2051166900,13.4749196638931,11.2907248351951,16.741996516609,1.05,25.08623101,0.197095283018868
"209",2022-08-01,297.276672363281,0.000426311524142298,2168209800,13.7179024355291,12.9574362357282,18.7585003521448,1.05,25.08623101,0.142489247311828
"210",2022-08-02,300.586669921875,0.0111344005982037,2263787400,13.821387048114,14.379646554373,20.4093949092378,1.05,25.08623101,0.213964367816092
"211",2022-08-03,307.396667480469,0.0226556871612562,2343878400,13.4743821068983,15.8732909505282,22.0115847092505,1.05,25.08623101,0.188403296703297
"212",2022-08-04,308.633331298828,0.0040230228534861,2416134600,13.1266875946589,16.961284204245,23.6654963829458,1.05,25.08623101,0.152780838323353
"213",2022-08-05,288.170013427734,-0.0663030068235908,2302961700,13.8383525048898,15.9880081574203,23.4001911721289,1.05,25.08623101,0.21800612244898
"214",2022-08-08,290.42333984375,0.00781943405287966,2401955700,14.066327238776,15.2230229555456,23.1862688778067,1.05,25.08623101,0.123066666666667
"215",2022-08-09,283.333343505859,-0.0244126258643851,2315711100,13.9932563617875,13.8846100786262,22.2043206083545,1.05,25.08623101,0.0834330188679245
"216",2022-08-10,294.356658935547,0.038905817766766,2410629900,14.006357068786,13.5571196243924,21.6094932412999,1.05,25.08623101,0.169406220095694
"217",2022-08-11,286.630004882812,-0.0262492925442065,2340474900,13.891854443337,12.5296704309781,21.1029441274061,1.05,25.08623101,0.155435789473684
"218",2022-08-12,300.029998779297,0.0467501436284137,2420132100,13.9800561592984,12.6508459842223,20.7594374948078,1.05,25.08623101,0.168378787878788
"219",2022-08-15,309.320007324219,0.0309635989158392,2509491300,13.9174330421722,13.3426982134618,21.2245123411383,1.05,25.08623101,0.129215079365079
"220",2022-08-16,306.563323974609,-0.00891207579314424,2421354900,13.7649967673965,13.5127877758491,21.7416526467652,1.05,25.08623101,0.175092783505155
"221",2022-08-17,303.996673583984,-0.00837233351122446,2352588900,13.469165001924,13.2873099058082,21.9299103178754,1.05,25.08623101,0.0325330434782609
"222",2022-08-18,302.869995117188,-0.00370621972113661,2305088400,12.8389866075343,12.8693536352816,22.1047210124777,1.05,25.08623101,0.154323913043478
"223",2022-08-19,296.666656494141,-0.0204818526861555,2243693100,12.6626300725095,11.9003824945943,21.3074144179668,1.05,25.08623101,0.326757352941176
"224",2022-08-22,289.913330078125,-0.0227640224075839,2187849900,12.4988704328437,10.4668732828684,19.999476386519,1.05,25.08623101,0.196081
"225",2022-08-23,296.453338623047,0.0225584954757323,2251834800,12.3849025671048,9.74618300623507,19.2976779837269,1.05,25.08623101,0.09377
"226",2022-08-24,297.0966796875,0.00217012588706633,2309094600,12.014075873556,9.12179266921396,19.0078549244289,1.05,25.08623101,0.131342857142857
"227",2022-08-25,296.070007324219,-0.00345568440670951,2255864600,11.9673551219851,8.44674611784774,18.2600578500515,1.05,25.08623101,0.176512676056338
"228",2022-08-26,288.089996337891,-0.0269531218594169,2198700700,12.1504010975074,7.18502220413183,17.1769678211508,1.05,25.08623101,0.136527272727273
"229",2022-08-29,284.820007324219,-0.0113505816072719,2156836000,11.8103713141754,5.85375765293173,16.3276295965871,1.05,25.08623101,0.168641379310345
"230",2022-08-30,277.700012207031,-0.0249982267189629,2106294200,12.0974888695802,4.17605780827932,16.1769526865744,1.05,25.08623101,0.191796470588235
"231",2022-08-31,275.609985351562,-0.00752620368597823,2054186900,11.907668410425,2.64730441663932,16.1012903368925,1.05,25.08623101,0.197628125
"232",2022-09-01,277.160003662109,0.00562395556376405,2108473900,11.8735487150933,1.54304262839923,16.4597609043518,1.05,25.08623101,0.168941025641026
"233",2022-09-02,270.209991455078,-0.0250758122211029,2057583800,11.973296630533,0.105878799121513,16.2708858099773,1.05,25.08623101,0.238647916666667
"234",2022-09-06,274.420013427734,0.0155805562554712,2113443800,11.8502040140664,-0.685468645361368,16.3632736859085,1.05,25.08623101,0.124563414634146
"235",2022-09-07,283.700012207031,0.0338167710998261,2163472700,11.8301899647916,-0.557373793028148,15.6162265305052,1.05,25.08623101,0.170498876404494
"236",2022-09-08,289.260009765625,0.0195981576290392,2217185800,11.6808899840475,-0.00713017136320104,14.6199158835003,1.05,25.08623101,0.0931428571428571
"237",2022-09-09,299.679992675781,0.0360228948294619,2271523900,11.602969009322,1.25527734467005,14.5617055063651,1.05,25.08623101,0.176553535353535
"238",2022-09-12,304.420013427734,0.0158169409630267,2320198500,11.18918533427,2.60815922098101,14.9234917340553,1.05,25.08623101,0.109678571428571
"239",2022-09-13,292.130004882812,-0.0403718809632054,2251968900,11.3913877769114,2.65798725472399,14.2833310665562,1.05,25.08623101,0.131739726027397
"240",2022-09-14,302.609985351562,0.0358743720041836,2324597600,11.6034304608151,3.50274569741748,14.3315582398195,1.05,25.08623101,0.139692592592593
"241",2022-09-15,303.75,0.00376727373061758,2389393100,11.3746135633629,4.21561748974597,14.5952218118756,1.05,25.08623101,0.177628723404255
"242",2022-09-16,303.350006103516,-0.00131685233410495,2302305300,11.1442835871573,4.69418570578523,14.3353528096051,1.05,25.08623101,0.216606060606061
"243",2022-09-19,309.070007324219,0.0188561104520011,2362536500,11.2082639412833,5.47193371366944,14.5498195263087,1.05,25.08623101,0.188129885057471
"244",2022-09-20,308.730010986328,-0.00110006254192752,2300893700,10.9612450883345,5.99180000954561,14.9974693586718,1.05,25.08623101,0.0506098765432099
"245",2022-09-21,300.799987792969,-0.0256859485996344,2238338000,11.1190120756075,5.69822559904333,14.8918808668843,1.05,25.08623101,0.124907407407407
"246",2022-09-22,288.589996337891,-0.0405917285591178,2167792600,11.4297970145429,4.42926370153197,14.1835198990123,1.05,25.08623101,0.0982795180722892
"247",2022-09-23,275.329986572266,-0.0459475724518869,2104044200,11.7398107287664,2.32680828825772,14.4315693085394,1.05,25.08623101,0.143601162790698
"248",2022-09-26,276.010009765625,0.00246984791531557,2162121100,11.8855384466614,0.707315916777986,14.8207045801573,1.05,25.08623101,0.145531944444444
"249",2022-09-27,282.940002441406,0.0251077585253734,2224046300,11.940857390622,-0.0167577894960118,14.7506253209401,1.05,25.08623101,0.188188235294118
"250",2022-09-28,287.809997558594,0.0172121123742339,2278711100,11.9043670538477,-0.195371392875245,14.653887607614,1.05,25.08623101,0.127382666666667
"251",2022-09-29,268.209991455078,-0.0681005047419361,2201090500,12.6276264628083,-1.89661762152542,15.3701406143286,1.05,25.08623101,0.0620285714285714
"252",2022-09-30,265.25,-0.0110360968993726,2133363900,12.661367865716,-3.44401364185273,16.2391531542101,1.05,25.08623101,NA
