"","Date","ADX","ATR","B.S","BB_lower","BB_upper","D.E","EMA_100","EPS","Gross.Margin","MACD","OBV","P.B","Price.to.Earnings","Revenue.Growth","ROE","RSI","sentiment_score","STOCH_D","STOCH_K","SMA_100","Close"
"1",2021-10-01,15.1751924516631,6.87547268490152,8.863476218,241.19985599898,263.524815937055,1.06,233.011155128132,0.85,27.35,5.55754616681546,916156200,39.74287191,414.4235294,64.92,7.69,61.0900649910041,0.233704255319149,62.9111335071238,52.381988091438,224.937001647949,258.406677246094
"2",2021-10-04,16.0245465326555,7.14031842085721,8.863476218,242.069684667289,264.253655176461,1.06,233.555686903132,0.85,27.35,5.55102313547508,1007606100,39.74287191,414.4235294,64.92,7.69,63.0273826199873,0.135388235294118,52.9598987428748,43.6653310291504,225.575801696777,260.510009765625
"3",2021-10-05,16.6862493832934,7.18053196975804,8.863476218,242.171990284793,265.073682322628,1.06,234.083230831257,0.85,27.35,5.45765603592594,952308300,39.74287191,414.4235294,64.92,7.69,62.5278926303303,0.0694454545454545,44.6144375321739,37.7959934759335,226.272134857178,260.196655273438
"4",2021-10-06,17.2323828947075,6.98763761379876,8.863476218,242.282719494295,265.925619433927,1.06,234.614585794878,0.85,27.35,5.37974565888879,996206700,39.74287191,414.4235294,64.92,7.69,63.2485909383131,0.199939743589744,41.0106488567307,41.5706220651084,226.915501403809,260.916656494141
"5",2021-10-07,18.4600221812957,7.01828399936447,8.863476218,242.155897613053,267.344110016342,1.06,235.207102553968,0.85,27.35,5.5461740960759,1053794100,39.74287191,414.4235294,64.92,7.69,66.7148354108456,0.192548175182482,43.4065225267656,50.852952039255,227.638101501465,264.536682128906
"6",2021-10-08,19.4178526408835,6.88530990858955,8.863476218,243.382324440691,267.758347861555,1.06,235.734288376112,0.85,27.35,5.39744374922751,1003578300,39.74287191,414.4235294,64.92,7.69,62.0058201388808,0.220011111111111,47.4440647184838,49.9086200510879,228.330167999268,261.829986572266
"7",2021-10-11,20.4953047766612,6.76850205797601,8.863476218,244.239508842137,268.532497383449,1.06,236.293609615919,0.85,27.35,5.39091971279885,1046179200,39.74287191,414.4235294,64.92,7.69,64.1692942717821,0.185286315789474,51.8608721854376,54.8210444659699,229.091768035889,263.980010986328
"8",2021-10-12,21.901176113402,6.77027583675898,8.863476218,244.774980198119,270.038026393678,1.06,236.932812073826,0.85,27.35,5.69079221490796,1112239200,39.74287191,414.4235294,64.92,7.69,68.3197136794806,0.191254782608696,54.7299681323977,59.4602398801354,229.821567993164,268.573333740234
"9",2021-10-13,23.3150064529119,6.51739977601392,8.863476218,244.771786412469,271.882885828742,1.06,237.594736297147,0.85,27.35,6.00340764037105,1154599500,39.74287191,414.4235294,64.92,7.69,69.785754209772,0.160096551724138,63.5908998431437,76.4914151833258,230.5889012146,270.359985351562
"10",2021-10-14,24.7987157179311,6.27020487362565,8.863476218,244.716750305556,273.982256347276,1.06,238.291342428833,0.85,27.35,6.37243814783704,1191341100,39.74287191,414.4235294,64.92,7.69,71.6914004792513,0.15842523364486,74.8353746205172,88.5544687980905,231.295167999268,272.773345947266
"11",2021-10-15,26.8684982450843,6.41495176672047,8.863476218,243.63789492249,277.845779699092,1.06,239.137256633522,0.85,27.35,7.24600003922126,1248114900,39.74287191,414.4235294,64.92,7.69,77.0188176520741,0.0803183098591549,86.374336300722,94.0771249207498,232.08963470459,281.010009765625
"12",2021-10-18,29.4727712723269,6.72412068698262,8.863476218,243.524080761219,282.624262134289,1.06,240.145166049272,0.85,27.35,8.56791555530572,1320736500,39.74287191,414.4235294,64.92,7.69,81.1954188482388,0.219143243243243,92.9036131665408,96.0792457807821,232.926234893799,290.036682128906
"13",2021-10-19,31.939056542956,6.61144545794591,8.863476218,244.303148527178,286.008193330732,1.06,241.094568629245,0.85,27.35,9.35067311243842,1268593200,39.74287191,414.4235294,64.92,7.69,77.907051909159,0.155566071428571,93.8508223341676,91.3960963009709,233.704301452637,288.089996337891
"14",2021-10-20,33.8040347859485,6.42753161175893,8.863476218,244.956997313943,289.149678406272,1.06,242.035270361408,0.85,27.35,9.89806886514276,1310689500,39.74287191,414.4235294,64.92,7.69,78.156646618295,0.1229,90.902022988624,85.230726884119,234.506234893799,288.600006103516
"15",2021-10-21,36.1009684473011,7.02794674705182,8.863476218,244.740767157206,294.044575250021,1.06,243.143482829499,0.85,27.35,10.9639987387459,1405134000,39.74287191,414.4235294,64.92,7.69,82.1576394777266,0.186000555555556,87.1544731187209,84.8365961710729,235.40656829834,298
"16",2021-10-22,38.3855965324815,6.97928481422669,8.863476218,243.523538009913,299.771469314306,1.06,244.333248596296,0.85,27.35,12.0911241910605,1473776400,39.74287191,414.4235294,64.92,7.69,83.9211729076654,0.193162275449102,87.013349319036,90.9727249019163,236.421768188477,303.226654052734
"17",2021-10-25,41.5916218926806,9.70314606215023,8.863476218,234.341492108197,316.73684651485,1.06,246.259718824433,0.85,27.35,15.8991257649265,1662332700,39.74287191,414.4235294,64.92,7.69,90.9765555296686,0.204237012987013,89.8351930329534,93.6962580258712,237.928501434326,341.619995117188
"18",2021-10-26,44.7589704663913,11.2362561299766,8.863476218,230.595488253817,328.511848171965,1.06,248.105598729944,0.85,27.35,18.5304373887121,1475087700,39.74287191,414.4235294,64.92,7.69,88.6382175615137,0.177669327731092,90.096550783284,85.6206694220646,239.326434631348,339.476654052734
"19",2021-10-27,47.7000798562655,11.6824762208599,8.863476218,227.861083845557,339.79791883999,1.06,250.043177737728,0.85,27.35,20.8974918472732,1590667200,39.74287191,414.4235294,64.92,7.69,89.5151873107481,0.138232768361582,85.7245196575927,77.8566315248424,240.768867950439,345.953338623047
"20",2021-10-28,50.4673731678258,11.8751568395708,8.863476218,225.345196607669,352.365804979245,1.06,252.201002657409,0.85,27.35,23.555696805552,1672306800,39.74287191,414.4235294,64.92,7.69,91.0203177706583,0.1852872,80.6515352978205,78.4773049465546,242.347034606934,359.013336181641
"21",2021-10-29,53.1494731870367,12.02693135103,8.863476218,223.219808638164,365.783859574726,1.06,254.560058911834,0.85,27.35,26.3526876357017,1762062000,39.74287191,414.4235294,64.92,7.69,92.1632075921841,0.147279365079365,81.742214722922,88.8927076973689,244.064434661865,371.333343505859
"22",2021-11-01,55.8598522116532,13.4476260041094,8.863476218,217.978381008832,385.260620456012,1.06,257.496757592494,0.85,27.35,30.7589602669516,1930208100,39.74287191,414.4235294,64.92,7.69,94.1983423303021,0.211410727969349,88.0078077786316,96.6534106919712,246.059334716797,402.863342285156
"23",2021-11-02,58.3766327345115,13.9773200241842,8.863476218,218.319165086573,397.966836500341,1.06,260.133785293516,0.85,27.35,32.8876837153205,1801994700,39.74287191,414.4235294,64.92,7.69,85.0025463839476,0.155453170731707,92.6978926276855,92.5475594937164,247.933034667969,390.666656494141
"24",2021-11-03,60.7269866338073,14.4734642970103,8.863476218,219.009366167718,411.646969281501,1.06,262.994898359332,0.85,27.35,35.2937854101509,1905880200,39.74287191,414.4235294,64.92,7.69,86.6126759437989,0.147228461538462,93.8893243183867,92.4670027694725,249.920267944336,404.619995117188
"25",2021-11-04,62.9626299697852,14.145122451995,8.863476218,220.907831250138,424.29183610826,1.06,265.905296435795,0.85,27.35,37.2034805535588,1982072400,39.74287191,414.4235294,64.92,7.69,87.1809526747851,0.19998322147651,91.6696039999657,89.9942497367081,252.022101287842,409.970001220703
"26",2021-11-05,64.6461928715297,13.8935674233369,8.863476218,225.819596857124,433.933406072563,1.06,268.706445858554,0.85,27.35,38.0677705593355,1917186000,39.74287191,414.4235294,64.92,7.69,85.2814697666954,0.233876404494382,91.2573485733716,91.3107932139342,254.079501342773,407.363342285156
"27",2021-11-08,63.4875977779288,15.0223615924568,8.863476218,233.717692910386,438.401975668716,1.06,271.06169777186,0.85,27.35,36.7382599462871,1816848900,39.74287191,414.4235294,64.92,7.69,72.4271443955506,0.13955069124424,82.8771343346786,67.3263600533934,255.900634613037,387.646667480469
"28",2021-11-09,59.6263780166309,17.8298114898706,8.863476218,242.14183837266,437.237162481832,1.06,272.449914776261,0.85,27.35,31.5701438038636,1639531500,39.74287191,414.4235294,64.92,7.69,52.3825096898745,0.170817412935323,65.6700097534281,38.3728759929568,257.234601135254,341.166656494141
"29",2021-11-10,55.6237389976141,18.7179203964256,8.863476218,251.590939297232,436.350396762338,1.06,274.104041956976,0.85,27.35,28.3432336928886,1767939600,39.74287191,414.4235294,64.92,7.69,56.5140772859383,0.161128571428571,42.3152788434996,21.2466004841486,258.725001220703,355.983337402344
"30",2021-11-11,52.3200023210934,18.5783072382267,8.863476218,261.595661006788,434.518673099657,1.06,275.696106995769,0.85,27.35,25.3739643968577,1700749800,39.74287191,414.4235294,64.92,7.69,55.9914777916518,0.247311258278146,27.2968640669822,22.2711157238411,260.19100112915,354.503326416016
"31",2021-11-12,48.6383618791454,18.3062845079013,8.863476218,270.367358591461,432.093307302094,1.06,277.058032156975,0.85,27.35,21.9583379586347,1624030500,39.74287191,414.4235294,64.92,7.69,52.4515737349706,0.248562790697674,23.7990725483864,27.8795014371697,261.447167663574,344.473327636719
"32",2021-11-15,45.7442116777184,18.3039295737432,8.863476218,277.439787740259,429.7968760781,1.06,278.260777290044,0.85,27.35,18.4994283357877,1519703700,39.74287191,414.4235294,64.92,7.69,50.1774122868402,0.15337417218543,24.4857247858232,23.3065571964588,262.5590675354,337.796661376953
"33",2021-11-16,42.6261036917492,18.3065057711823,8.863476218,286.757629874656,426.827700325539,1.06,279.712576950761,0.85,27.35,16.6778958748027,1599330900,39.74287191,414.4235294,64.92,7.69,54.5567307840645,0.167121705426357,28.1722789783301,33.3307783013618,263.835267486572,351.57666015625
"34",2021-11-17,40.3759704784656,18.5443737671581,8.863476218,297.845340876483,423.180321354962,1.06,281.36189872235,0.85,27.35,15.972236743758,1693667100,39.74287191,414.4235294,64.92,7.69,57.8641345530098,0.206576991150442,36.2441674441611,52.0951668346626,265.16956741333,363.003326416016
"35",2021-11-18,38.2865610661309,18.100251366379,8.863476218,308.163035562263,419.60862581469,1.06,283.027207489335,0.85,27.35,15.4333233907137,1756363800,39.74287191,414.4235294,64.92,7.69,58.5624043914742,0.1817234375,53.1458364739914,74.0115642859499,266.554967346191,365.459991455078
"36",2021-11-19,36.7296055900772,17.9030902929155,8.863476218,319.121558275522,416.229436597525,1.06,284.928054648233,0.85,27.35,15.9169287069262,1821290700,39.74287191,414.4235294,64.92,7.69,62.2782802635809,0.177351219512195,71.0082712235076,86.9180825499103,268.079500579834,379.019989013672
"37",2021-11-22,36.0791485402128,18.2795366894037,8.863476218,322.265064953781,417.486262560867,1.06,286.922020329123,0.85,27.35,16.6411938285148,1920508200,39.74287191,414.4235294,64.92,7.69,63.9725718355594,0.2115,82.5216072732498,86.6351749838891,269.676000518799,385.623321533203
"38",2021-11-23,34.2290439147574,19.7786171114217,8.863476218,325.857248264589,416.914080470762,1.06,288.560726189136,0.85,27.35,15.7468969210121,1811993100,39.74287191,414.4235294,64.92,7.69,57.2814106319546,0.19506746031746,81.5120869534931,70.9830033266798,271.109767150879,369.676666259766
"39",2021-11-24,32.4994764827278,20.050858484741,8.863476218,328.6792797744,416.696715098647,1.06,290.212989036876,0.85,27.35,15.052122298446,1879673700,39.74287191,414.4235294,64.92,7.69,57.9711450801572,0.253277551020408,69.4917225552191,50.8569893550883,272.631167144775,372
"40",2021-11-26,30.8934495815575,19.4519869139838,8.863476218,328.856095596582,416.682567123144,1.06,291.607583603442,0.85,27.35,13.4300393917701,1844631000,39.74287191,414.4235294,64.92,7.69,53.4286923735437,0.110170114942529,50.5433994321734,29.790205614752,274.088733978271,360.640014648438
"41",2021-11-29,29.8939421652212,19.5089878486992,8.863476218,329.162401763233,417.142593964306,1.06,293.338060632759,0.85,27.35,13.4704766945973,1903024500,39.74287191,414.4235294,64.92,7.69,59.0170286163929,0.182841237113402,38.7048812878403,35.4674488936804,275.702667388916,378.996673583984
"42",2021-11-30,29.3101876231146,19.3059663603435,8.863476218,330.037721527509,414.139606963702,1.06,295.085557846405,0.85,27.35,13.5552580306658,1984300500,39.74287191,414.4235294,64.92,7.69,59.7508842542444,0.129313265306122,37.0477518714517,45.8856011059228,277.328700714111,381.586669921875
"43",2021-12-01,28.2207426646393,19.8812534311448,8.863476218,329.541358225328,412.069304616469,1.06,296.470002245486,0.85,27.35,12.1440531232119,1915850100,39.74287191,414.4235294,64.92,7.69,53.1830098399611,0.168715652173913,44.1394355124702,51.0652565378073,278.693034057617,365
"44",2021-12-02,26.5715526876234,19.8028299857282,8.863476218,330.275763771172,407.026232078438,1.06,297.758384878156,0.85,27.35,10.6234706258503,1842735300,39.74287191,414.4235294,64.92,7.69,51.898971937662,0.119831896551724,46.0578105131254,41.2225738956461,280.079900665283,361.533325195312
"45",2021-12-03,25.2260340231869,20.540010133232,8.863476218,329.518311767149,400.619017334413,1.06,298.561651192257,0.85,27.35,7.45955658020921,1750413300,39.74287191,414.4235294,64.92,7.69,44.2039091348572,0.170644444444444,37.6935159548999,20.7927174312464,281.285200653076,338.323333740234
"46",2021-12-06,24.6620770508575,20.7666749716507,8.863476218,329.568665055764,393.465996809471,1.06,299.30967136512,0.85,27.35,4.73721704805479,1668750300,39.74287191,414.4235294,64.92,7.69,43.6079003306004,0.176529192546584,27.2185469911124,19.6403496464446,282.479900665283,336.336669921875
"47",2021-12-07,23.5091061501814,20.4419125608688,8.863476218,329.758608026245,389.569721441528,1.06,300.324991605531,0.85,27.35,3.68683135237637,1724835000,39.74287191,414.4235294,64.92,7.69,48.9261017279348,0.162549137931034,22.4114701696449,26.8013434312437,283.83833404541,350.583343505859
"48",2021-12-08,22.1907590212156,19.9193936600366,8.863476218,331.684205422771,389.15945912801,1.06,301.43380379798,0.85,27.35,3.27949002813989,1766741400,39.74287191,414.4235294,64.92,7.69,50.9327392887147,0.276097058823529,31.56416424468,48.2507996563516,285.247467498779,356.320007324219
"49",2021-12-09,21.4202569471441,20.0822949848219,8.863476218,328.519371650806,390.185959770092,1.06,302.090560279278,0.85,27.35,1.19032518923029,1707303000,39.74287191,414.4235294,64.92,7.69,43.9000689342062,0.107768224299065,42.4047731086269,52.1621762382853,286.391800842285,334.600006103516
"50",2021-12-10,20.9866967397686,19.5633203709507,8.863476218,326.541253697652,390.614746058208,1.06,302.821638486928,0.85,27.35,-0.108254665236984,1766967300,39.74287191,414.4235294,64.92,7.69,45.5441806048815,0.220660550458716,51.8637312368898,55.1782178160326,287.597601013184,339.010009765625
"51",2021-12-13,21.007320938008,19.7280828528248,8.863476218,322.145875564534,392.776457199138,1.06,303.204114115204,0.85,27.35,-2.47044924854015,1688371800,39.74287191,414.4235294,64.92,7.69,40.6369427100131,0.169489393939394,47.4499822990911,35.0095528429555,288.654767608643,322.136657714844
"52",2021-12-14,21.3039176510185,19.1858382001118,8.863476218,318.40670052541,394.686298742168,1.06,303.526870794428,0.85,27.35,-4.50308454706271,1617565500,39.74287191,414.4235294,64.92,7.69,39.9141399345781,0.138946616541353,39.7295731630633,29.0009488302017,289.705200805664,319.503326416016
"53",2021-12-15,21.3137963067612,19.0178028648081,8.863476218,314.765540157033,395.702791752146,1.06,303.958615661316,0.85,27.35,-5.57948307848852,1692734700,39.74287191,414.4235294,64.92,7.69,42.3572462995258,0.185221568627451,28.8901118364211,22.6598338361062,290.766434020996,325.329986572266
"54",2021-12-16,20.9727712913934,19.4005796935216,8.863476218,307.53868499837,397.52664703288,1.06,304.057916888551,0.85,27.35,-7.66403610989437,1609963200,39.74287191,414.4235294,64.92,7.69,37.7205590144959,0.213681578947368,23.9648753009827,20.2338432366402,291.706900634766,308.973327636719
"55",2021-12-17,20.8538869899506,19.2438715039174,8.863476218,301.754628956267,397.85036982303,1.06,304.192545443937,0.85,27.35,-9.05965623191668,1710400500,39.74287191,414.4235294,64.92,7.69,38.5545978788709,0.166756637168142,21.5421438717715,21.7327545425681,292.6588671875,310.856658935547
"56",2021-12-20,20.9845572231973,18.8021662221085,8.863476218,295.137105787559,396.563895189004,1.06,304.109128920024,0.85,27.35,-10.9174996826478,1653920400,39.74287191,414.4235294,64.92,7.69,35.5902721554003,0.130742156862745,17.998047849434,12.0275457690937,293.400833892822,299.980010986328
"57",2021-12-21,20.6786165157929,18.7301068463106,8.863476218,293.013955717571,391.409045381062,1.06,304.282083253369,0.85,27.35,-11.2225259525288,1725438300,39.74287191,414.4235294,64.92,7.69,41.3350213056205,0.12226862745098,20.0437137219114,26.3708408540725,294.238600463867,312.843322753906
"58",2021-12-22,19.5371521197002,19.2286722124782,8.863476218,292.945975837453,388.138359489696,1.06,304.915903556172,0.85,27.35,-9.46322372534576,1819072500,39.74287191,414.4235294,64.92,7.69,50.0756963155753,0.200752095808383,29.3939390817495,49.7834306220823,295.235933837891,336.290008544922
"59",2021-12-23,19.3580392104125,19.6509109579038,8.863476218,293.784661524848,385.666339451715,1.06,305.920868960884,0.85,27.35,-6.43129452319516,1911785700,39.74287191,414.4235294,64.92,7.69,55.9206741432323,0.232257142857143,52.0183662947719,79.9008274081609,296.426800384521,355.666656494141
"60",2021-12-27,19.76462672489,19.4377521046049,8.863476218,293.588702399395,386.262963860371,1.06,307.083756060282,0.85,27.35,-3.26620615766416,1982931600,39.74287191,414.4235294,64.92,7.69,58.3541417579215,0.179568965517241,74.5136651123031,93.856737306666,297.703533782959,364.646667480469
"61",2021-12-28,20.1673745145371,19.0155321230818,8.863476218,295.025592031077,383.208740244314,1.06,308.187510073746,0.85,27.35,-0.894665472692338,1922607600,39.74287191,414.4235294,64.92,7.69,57.6581164012618,0.233495238095238,88.3305311637307,91.234028776365,298.949667053223,362.823333740234
"62",2021-12-29,20.2284406975959,18.6063285520692,8.863476218,297.094332978289,379.187664702375,1.06,309.254357873763,0.85,27.35,0.912947281782067,1866453600,39.74287191,414.4235294,64.92,7.69,57.3510499034267,0.130908383233533,90.2128119733621,85.5476698370551,300.239966888428,362.063323974609
"63",2021-12-30,20.0419026237286,18.2868287482663,8.863476218,297.613239572259,377.846757986335,1.06,310.195459673873,0.85,27.35,1.89730230424527,1819412700,39.74287191,414.4235294,64.92,7.69,55.1521411101821,0.116261788617886,84.100758338552,75.5205764022359,301.428566894531,356.779998779297
"64",2021-12-31,19.8686886979947,17.6332451030218,8.863476218,298.056653085069,376.476012930556,1.06,311.028421061828,0.85,27.35,2.28633002383952,1778679000,39.74287191,414.4235294,64.92,7.69,53.2703721786228,0.16684140625,69.820983001825,48.394702766184,302.584533691406,352.260009765625
"65",2022-01-03,21.2449588666268,19.8092025363718,9.817108295,292.550168012959,388.142831254619,0.94,312.788782352876,1.07,29.11,6.36753710255465,1882610400,36.58918586,335.7009346,80.54,9.73,66.3208634316235,0.128924104234528,59.5908025361843,54.857128440133,304.22440032959,399.926666259766
"66",2022-01-04,22.2270064891014,20.4168773831042,9.817108295,291.439697390127,393.939300412608,0.94,314.182997658234,1.07,29.11,8.15791171970352,1782362100,36.58918586,335.7009346,80.54,9.73,59.9884613881426,0.0883492857142857,52.9639628451535,55.6400573291434,305.648866882324,383.196655273438
"67",2022-01-05,22.2323371963228,21.0854341674026,9.817108295,291.403977424042,395.187352532013,0.94,315.143862358845,1.07,29.11,7.8331300851583,1702242300,36.58918586,335.7009346,80.54,9.73,53.2787677748283,0.0864772727272727,57.2758075965551,61.3302370203888,306.885366821289,362.706665039062
"68",2022-01-06,21.126104179233,21.1893323372254,9.817108295,291.400611357857,395.048717255425,0.94,315.931112488303,1.07,29.11,6.86665070671739,1611905700,36.58918586,335.7009346,80.54,9.73,50.9409491418108,0.146734188034188,51.0385568936873,36.1453763315295,308.147133483887,354.899993896484
"69",2022-01-07,19.9218584366354,21.3646186748845,9.817108295,291.934526597163,395.286802138188,0.94,316.453664861291,1.07,29.11,5.02765339639956,1527741000,36.58918586,335.7009346,80.54,9.73,47.3364008092582,0.0885096296296296,38.5721141733787,18.2407291682176,309.351300201416,342.320007324219
"70",2022-01-10,18.6906896691709,21.7219079624765,9.817108295,292.518460982979,396.072533279717,0.94,317.17154605293,1.07,29.11,4.35811363028165,1619556000,36.58918586,335.7009346,80.54,9.73,50.4536789824365,0.187184666666667,25.5067231729914,22.134064019227,310.581733551025,352.706665039062
"71",2022-01-11,17.4465433424013,21.0520090190072,9.817108295,294.996762306653,396.860564963855,0.94,317.916663711149,1.07,29.11,3.95086903457178,1685619300,36.58918586,335.7009346,80.54,9.73,51.0821388355001,0.196232110091743,23.1438799469516,29.0568466534102,311.884833374023,354.799987792969
"72",2022-01-12,16.9126403378703,20.7492479813772,9.817108295,298.049383239772,398.731610412572,0.94,318.923066216559,1.07,29.11,4.69880159411844,1769358300,36.58918586,335.7009346,80.54,9.73,55.1609523217653,0.159630612244898,36.1983097985445,57.4040187229963,313.304700012207,368.739990234375
"73",2022-01-13,15.7839523090206,21.3876356988067,9.817108295,300.036279394689,398.597048852382,0.94,319.416734856222,1.07,29.11,3.2459806011932,1672148400,36.58918586,335.7009346,80.54,9.73,47.5399285039201,0.109021794871795,48.37278804627,58.6574987624033,314.388899993896,343.853332519531
"74",2022-01-14,14.9483738999415,20.7794704012636,9.817108295,305.684640992618,397.038354002499,0.94,320.019769712875,1.07,29.11,2.5507009922905,1745072700,36.58918586,335.7009346,80.54,9.73,49.3614592741628,0.216258895705521,59.0166852328625,60.9885382131876,315.525966644287,349.869995117188
"75",2022-01-18,13.9174854480358,20.5983165619155,9.817108295,311.0422045341,394.945457209064,0.94,320.484790637689,1.07,29.11,1.46901603488249,1678329300,36.58918586,335.7009346,80.54,9.73,47.4826451548497,0.142512121212121,51.6727193336621,35.3721210253954,316.590333251953,343.503326416016
"76",2022-01-19,13.250258031259,20.5477235680957,9.817108295,318.856681645019,390.321312129395,0.94,320.710504314148,1.07,29.11,-0.322150035510617,1602886800,36.58918586,335.7009346,80.54,9.73,44.1776076195977,0.102132673267327,39.7459692692725,22.8772485692343,317.571966552734,331.883331298828
"77",2022-01-20,12.6483004294309,20.2147902928634,9.817108295,323.523299851086,387.579361281726,0.94,320.935840789865,1.07,29.11,-1.70532795038901,1673375400,36.58918586,335.7009346,80.54,9.73,44.2519295675626,0.183557692307692,21.5457545502244,6.38789405604339,318.519799804688,332.089996337891
"78",2022-01-21,12.970280864775,20.2958771364814,9.817108295,318.666800341815,390.270193066388,0.94,320.811038621726,1.07,29.11,-4.16213489022874,1569959400,36.58918586,335.7009346,80.54,9.73,39.4714578471484,0.0702471698113208,10.3123023733489,1.6717644947691,319.229766387939,314.633331298828
"79",2022-01-24,14.3844608607338,21.0468857380609,9.817108295,311.489840441537,392.880487317252,0.94,320.596958649019,1.07,29.11,-6.40916236960828,1418393700,36.58918586,335.7009346,80.54,9.73,38.289148801864,0.0809756097560976,7.16237872344541,13.4274776195236,319.877366333008,310
"80",2022-01-25,15.3288150425922,20.6875840851748,9.817108295,304.371105619887,394.147888520738,0.94,320.310550186639,1.07,29.11,-8.40506730118591,1331797800,36.58918586,335.7009346,80.54,9.73,37.2854227234022,0.141203821656051,12.9612670205777,23.7845589474403,320.491732940674,306.133331298828
"81",2022-01-26,15.4842543272045,21.1549002924,9.817108295,299.587711069882,393.89594981879,0.94,320.155291791273,1.07,29.11,-9.36753689995118,1436665200,36.58918586,335.7009346,80.54,9.73,40.0585850539891,0.166153821656051,25.0629578626907,37.976837021108,321.175132904053,312.470001220703
"82",2022-01-27,16.528175394188,22.2250258225746,9.817108295,286.836364350888,398.07763101044,0.94,319.288190343945,1.07,29.11,-12.894893887437,1289555700,36.58918586,335.7009346,80.54,9.73,31.5095068693277,0.0830505703422053,29.2739464035175,26.0604432420042,321.49356628418,276.366668701172
"83",2022-01-28,17.8630093281791,22.1968109130938,9.817108295,277.690478724199,399.757183629316,0.94,318.552120608444,1.07,29.11,-15.0528528504251,1424344800,36.58918586,335.7009346,80.54,9.73,33.9280081411394,0.161705882352941,29.4583353739357,24.3377258586947,321.804999694824,282.116668701172
"84",2022-01-31,17.6883531304255,22.7932288033695,9.817108295,274.975868882088,398.469791518303,0.94,318.42712792777,1.07,29.11,-14.1690189486882,1528780800,36.58918586,335.7009346,80.54,9.73,44.9042532538195,0.148735114503817,28.1081820191749,33.9263769568258,322.414499664307,312.239990234375
"85",2022-02-01,17.4349731464703,22.0865713469904,9.817108295,276.821480236972,387.673179186856,0.94,318.268504731064,1.07,29.11,-13.46053731323,1455642600,36.58918586,335.7009346,80.54,9.73,44.4231988224333,0.149576315789474,38.6301617639992,57.626382476477,323.002466278076,310.416656494141
"86",2022-02-02,17.3928852395593,21.5111018778695,9.817108295,276.499154218483,379.864505449486,0.94,317.944111720842,1.07,29.11,-13.432518415271,1388849700,36.58918586,335.7009346,80.54,9.73,42.1483387569925,0.137313541666667,54.965566150006,73.3439390167151,323.567099456787,301.886657714844
"87",2022-02-03,17.4665268524927,21.3193582204379,9.817108295,274.070948603662,375.726710698096,0.94,317.530300822943,1.07,29.11,-13.6435857282657,1309994100,36.58918586,335.7009346,80.54,9.73,40.86947389918,0.127096,67.1489773893464,70.4766106748469,324.060899353027,297.046661376953
"88",2022-02-04,17.5349083502165,21.1139275516511,9.817108295,273.147085022333,371.937909484503,0.94,317.337093795702,1.07,29.11,-12.7977794610056,1383619500,36.58918586,335.7009346,80.54,9.73,44.8624509051389,0.23787037037037,71.8638133489234,71.7708903552082,324.656999511719,307.773345947266
"89",2022-02-07,17.3687866782211,20.6786484073367,9.817108295,271.288840821222,369.808818480536,0.94,317.042233626944,1.07,29.11,-12.4141882858678,1322625000,36.58918586,335.7009346,80.54,9.73,43.2988077247748,0.115851807228916,67.4459650811055,60.0903942132611,325.162032775879,302.446655273438
"90",2022-02-08,17.3362979907648,19.951364491383,9.817108295,271.014280996322,365.546046152116,0.94,316.849978377022,1.07,29.11,-11.5823603747163,1373354100,36.58918586,335.7009346,80.54,9.73,45.1863018174868,0.209286363636364,63.5761137034067,58.8670565417507,325.712066192627,307.333343505859
"91",2022-02-09,16.8730899771669,19.1517444098277,9.817108295,271.80793779706,360.339056221495,0.94,316.727536359539,1.07,29.11,-10.5327453298804,1425613500,36.58918586,335.7009346,80.54,9.73,46.4946894927388,0.137129885057471,59.4426498999814,59.3704989449322,326.287099456787,310.666656494141
"92",2022-02-10,16.8323011793231,18.9054297107719,9.817108295,275.270664552381,350.153996702502,0.94,316.426330938512,1.07,29.11,-10.3202801174934,1359486600,36.58918586,335.7009346,80.54,9.73,43.4301312779582,0.147586764705882,58.6720267600688,57.7785247935235,326.868366088867,301.516662597656
"93",2022-02-11,17.4821777244571,19.1088509040036,9.817108295,273.646668266499,346.059325385845,0.94,315.837030454465,1.07,29.11,-11.2208246104337,1279840800,36.58918586,335.7009346,80.54,9.73,38.9437812709873,0.0923050505050505,52.5203265408227,40.4119558840123,327.27043258667,286.666656494141
"94",2022-02-14,18.0856345163673,18.8327434942869,9.817108295,274.996734119462,338.914261363936,0.94,315.363426156906,1.07,29.11,-11.379435559084,1347597300,36.58918586,335.7009346,80.54,9.73,41.255649503984,0.219140350877193,40.6087553801968,23.6357854630546,327.683166046143,291.920013427734
"95",2022-02-15,18.0578619215665,18.6123077494382,9.817108295,277.927542488361,332.380785758709,0.94,315.207252451872,1.07,29.11,-10.1330376421109,1404883500,36.58918586,335.7009346,80.54,9.73,47.5849117081373,0.287286363636364,33.666706085232,36.952376908629,328.245799255371,307.476654052734
"96",2022-02-16,17.948727612176,17.8833341420565,9.817108295,279.577835802323,328.32182545256,0.94,315.060508074151,1.07,29.11,-9.01551119534696,1456177800,36.58918586,335.7009346,80.54,9.73,47.7097180768005,0.15218,40.123322411167,59.7818048618172,328.742465820312,307.796661376953
"97",2022-02-17,18.3113490880964,17.7795240373226,9.817108295,280.793507912153,323.108820579058,0.94,314.606174621221,1.07,29.11,-9.28804104514864,1400999400,36.58918586,335.7009346,80.54,9.73,42.3842743697157,0.114563725490196,53.0218490279947,62.3313653135377,329.025765686035,292.116668701172
"98",2022-02-18,19.2053964038137,17.6824139568107,9.817108295,279.051045820159,321.95394990738,0.94,314.03298311708,1.07,29.11,-9.91077655970315,1332497700,36.58918586,335.7009346,80.54,9.73,40.3852468440491,0.170294117647059,55.5652100567738,44.5824599949664,329.290498962402,285.660003662109
"99",2022-02-22,20.5220998481905,17.7498614218097,9.817108295,274.795008024303,322.594319978626,0.94,313.237148258403,1.07,29.11,-11.2283726442996,1249209600,36.58918586,335.7009346,80.54,9.73,36.9504164702975,0.171559223300971,43.6356541834633,23.9931372418856,329.424565429688,273.843322753906
"100",2022-02-23,22.2139885635825,18.2615366644901,9.817108295,265.772193126605,326.47180101402,0.94,312.077600623104,1.07,29.11,-13.6614173020612,1153952700,36.58918586,335.7009346,80.54,9.73,32.1716477420569,0.102266883116883,27.3259898296305,13.4023722520394,329.386431884766,254.679992675781
"101",2022-02-24,24.3625191041089,19.3971425399479,9.817108295,261.947540547738,325.741787455192,0.94,311.183456845295,1.07,29.11,-14.4352859373122,1289274900,36.58918586,335.7009346,80.54,9.73,37.7140803850755,-0.00170471698113208,19.6338340001388,21.5059925064913,329.471598510742,266.92333984375
"102",2022-02-25,25.9005233917866,18.8949658371782,9.817108295,260.812593417431,326.235734219288,0.94,310.36708473032,1.07,29.11,-14.6351139301213,1365342600,36.58918586,335.7009346,80.54,9.73,39.0430524726678,0.162296721311475,23.5263344938113,35.6706387229031,329.566065063477,269.956665039062
"103",2022-02-28,25.949783646539,19.14032664094,9.817108295,261.588794343419,326.262200529628,0.94,309.966614558719,1.07,29.11,-13.0145592679877,1464349500,36.58918586,335.7009346,80.54,9.73,47.1280813158529,0.147936893203884,41.423127348985,67.0927508175605,329.865531921387,290.143341064453
"104",2022-03-01,25.7122229396088,18.632685860365,9.817108295,261.422776782553,324.016551220376,0.94,309.534074102768,1.07,29.11,-11.7577210278632,1389582600,36.58918586,335.7009346,80.54,9.73,46.4639560766087,0.221794736842105,61.1127304629439,80.5748018483682,330.137598571777,288.123321533203
"105",2022-03-02,25.6245647282748,18.3067802506403,9.817108295,261.631329175318,322.095999315893,0.94,309.212541177504,1.07,29.11,-10.226339501451,1464225900,36.58918586,335.7009346,80.54,9.73,48.466845963384,0.166595402298851,80.0745471445233,92.5560887676411,330.425198364258,293.296661376953
"106",2022-03-03,25.709337411302,18.28105921781,9.817108295,260.454178573893,321.060817763998,0.94,308.629388603329,1.07,29.11,-9.98958117580878,1402602300,36.58918586,335.7009346,80.54,9.73,43.8456392394529,0.191423333333333,83.7363753759171,78.0782355117422,330.604531860352,279.763336181641
"107",2022-03-04,25.8963362670914,17.7012214221182,9.817108295,259.332606888102,320.420722579672,0.94,308.051182743377,1.07,29.11,-9.71683688495182,1335602700,36.58918586,335.7009346,80.54,9.73,43.7350247093556,0.23132523364486,76.7712607894179,59.6794580888703,330.759031677246,279.429992675781
"108",2022-03-07,26.3676384115022,17.902799565516,9.817108295,257.120255550979,318.67507220781,0.94,307.261918309992,1.07,29.11,-10.2887871966003,1263108600,36.58918586,335.7009346,80.54,9.73,40.0656811579682,0.156639285714286,55.2871551003263,28.1037717003664,330.755231628418,268.193328857422
"109",2022-03-08,27.1127884156363,18.2387895205182,9.817108295,255.993523959191,317.037137051552,0.94,306.619107804704,1.07,29.11,-10.0926183553512,1343507700,36.58918586,335.7009346,80.54,9.73,43.0890029633927,0.15410099009901,37.2461412380417,23.9551939248884,330.799631652832,274.799987792969
"110",2022-03-09,27.4979737032656,17.7969720352356,9.817108295,256.473522539972,314.456137494207,0.94,306.217211288576,1.07,29.11,-8.90466795282049,1402691700,36.58918586,335.7009346,80.54,9.73,48.0147316724147,0.196553488372093,30.0365068956409,38.0505550616678,330.935131530762,286.323333740234
"111",2022-03-10,28.1678535773443,17.6831410772222,9.817108295,257.238765369553,310.567560924393,0.94,305.68683718567,1.07,29.11,-8.42209068116517,1344043200,36.58918586,335.7009346,80.54,9.73,45.480060879935,0.148545098039216,40.778056578424,60.3284207487159,330.919364624023,279.433319091797
"112",2022-03-11,29.0186182290643,17.6112500188324,9.817108295,255.507236085292,308.659090819004,0.94,304.883467512709,1.07,29.11,-9.09009381081654,1277006100,36.58918586,335.7009346,80.54,9.73,40.6751812840358,0.0490063829787234,50.1481392957486,52.0654420768622,330.670164489746,265.116668701172
"113",2022-03-14,30.2816367034761,17.4166362828332,9.817108295,251.641325932595,309.404001826195,0.94,303.904718948875,1.07,29.11,-10.2804658562579,1205853900,36.58918586,335.7009346,80.54,9.73,37.7752396640171,0.00670957446808511,47.7340291461242,30.8082246127944,330.343831176758,255.456665039062
"114",2022-03-15,31.2958978953061,17.3392582273351,9.817108295,250.359263386381,308.22372916733,0.94,303.179806917748,1.07,29.11,-10.1514360887663,1272695100,36.58918586,335.7009346,80.54,9.73,43.1273176168327,0.128642424242424,35.3408403246869,23.1488542844043,330.130797729492,267.296661376953
"115",2022-03-16,31.1165111815699,17.0557394337531,9.817108295,252.021512488084,303.821480675978,0.94,302.722318863065,1.07,29.11,-8.91517142712638,1356723900,36.58918586,335.7009346,80.54,9.73,48.2967295421793,0.12020243902439,33.4635416920963,46.4335461790903,329.951564331055,280.07666015625
"116",2022-03-17,30.0684288636005,17.0108056356112,9.817108295,254.229937403032,299.886722142866,0.94,302.480952651822,1.07,29.11,-7.01084068993771,1423306800,36.58918586,335.7009346,80.54,9.73,52.1306412359566,0.238183950617284,48.3673862706556,75.5197583484722,329.82463104248,290.533325195312
"117",2022-03-18,28.3203637991475,16.7590812200932,9.817108295,253.103737559676,301.9809212538,0.94,302.467402329547,1.07,29.11,-4.54044830084206,1523721000,36.58918586,335.7009346,80.54,9.73,55.9220773533925,0.225593902439024,71.8812826461513,93.6905434108914,329.426397705078,301.796661376953
"118",2022-03-21,26.6261795918931,16.4539085485408,9.817108295,251.158969322204,306.065023597718,0.94,302.558213070082,1.07,29.11,-2.13387612422173,1605702600,36.58918586,335.7009346,80.54,9.73,57.6095756775014,0.145937373737374,87.9454013541745,94.6259023031599,329.102164611816,307.053344726562
"119",2022-03-22,26.0103373880541,17.1048186801182,9.817108295,245.823234928488,317.149091731668,0.94,303.12788528961,1.07,29.11,1.7122654287661,1711571100,36.58918586,335.7009346,80.54,9.73,64.3892039204124,0.223466972477064,94.4112778098253,94.9173877154246,328.955897827148,331.32666015625
"120",2022-03-23,26.0558313705626,17.4139972809524,9.817108295,245.426206530421,325.381789075048,0.94,303.720138692369,1.07,29.11,4.84252320822753,1832247300,36.58918586,335.7009346,80.54,9.73,64.8161167068223,0.174917054263566,92.8507266358766,89.0088898890454,328.696131286621,333.036682128906
"121",2022-03-24,26.098075782892,17.0199022952036,9.817108295,243.877203370515,334.03579101425,0.94,304.398419661564,1.07,29.11,7.63362540406155,1901168100,36.58918586,335.7009346,80.54,9.73,66.0803403296632,0.235261,90.5552391962655,87.7394399843266,328.36253112793,337.973327636719
"122",2022-03-25,26.1373027371979,16.3870523928397,9.817108295,243.573933533958,341.031394835183,0.94,305.041619368915,1.07,29.11,9.64617687166475,1839136500,36.58918586,335.7009346,80.54,9.73,65.5188432798669,0.1928175,85.8831837529592,80.9012213855056,327.702697753906,336.880004882812
"123",2022-03-28,27.166583231223,17.293690548513,9.817108295,238.151152399476,353.834507390563,0.94,306.20805572346,1.07,29.11,13.272197262097,1941642600,36.58918586,335.7009346,80.54,9.73,71.8874718543654,0.182018367346939,84.949145813135,86.2067760695729,327.435497741699,363.946655273438
"124",2022-03-29,28.3063968792495,17.0503310603937,9.817108295,234.592704632646,365.232957598799,0.94,307.40241790611,1.07,29.11,16.1673942911217,2015257500,36.58918586,335.7009346,80.54,9.73,72.4099038468624,0.202490291262136,84.9345994737485,87.695800966167,327.05453125,366.523345947266
"125",2022-03-30,29.3647952667026,16.5455457991045,9.817108295,232.449076079981,374.513253021582,0.94,308.536297355061,1.07,29.11,18.1030899078777,1955392500,36.58918586,335.7009346,80.54,9.73,71.3787163423986,0.0931755102040816,87.8663821067732,89.6965692845798,326.601464538574,364.663330078125
"126",2022-03-31,30.1284688545957,15.9946720269028,9.817108295,233.352616046272,381.55338065783,0.94,309.539539233317,1.07,29.11,18.97753729986,1906399800,36.58918586,335.7009346,80.54,9.73,68.3019312804589,0.20058152173913,85.8942927961612,80.2905081377369,326.119831237793,359.200012207031
"127",2022-04-01,30.5333814538215,15.521480819066,10.50115473,235.06440955686,388.051587757593,0.88,310.569053283733,0.76,25,19.6322452987749,1960662900,21.37574445,295.3552632,41.61,6.21,68.9172907980736,0.101621238938053,79.164425238505,67.5061982931983,325.858664550781,361.529998779297
"128",2022-04-04,31.61102064926,16.2551846863425,10.50115473,237.656981814359,396.821350705172,0.88,311.979897395109,0.76,25,21.5397746951164,2042698800,21.37574445,295.3552632,41.61,6.21,73.7039165997645,0.21090974025974,73.0054056684542,71.2195105744272,326.265164794922,381.816680908203
"129",2022-04-05,32.645728789981,16.6552921696841,10.50115473,242.146316711568,401.227349670268,0.88,313.005113811364,0.76,25,21.3478589100229,1962623700,21.37574445,295.3552632,41.61,6.21,64.2206611644916,0.143647321428571,65.5594067871766,57.9525114939044,326.342864685059,363.753326416016
"130",2022-04-06,31.9400102081391,16.9789602652647,10.50115473,246.170925504443,403.429074495557,0.88,313.709699080879,0.76,25,19.7443413647901,1873275300,21.37574445,295.3552632,41.61,6.21,57.5276762994134,0.155825,58.3488767664194,45.8746082309266,326.283698120117,348.586669921875
"131",2022-04-07,31.1315503374768,17.0768921108541,10.50115473,251.83206080581,405.066608627784,0.88,314.476239959035,0.76,25,18.5688112444649,1952722500,21.37574445,295.3552632,41.61,6.21,58.6992656491575,0.207817361111111,42.4066579435509,23.3928541058217,326.363164978027,352.420013427734
"132",2022-04-08,30.3808376004332,16.6861633495877,10.50115473,261.257116071605,403.312885149098,0.88,315.017898307812,0.76,25,16.5914130107885,1897708800,21.37574445,295.3552632,41.61,6.21,54.2473026325524,0.242291286307054,28.0485637252117,14.8782288388867,326.40349822998,341.829986572266
"133",2022-04-11,28.5134952047443,16.705007516721,10.50115473,273.928035017598,397.627299455058,0.88,315.221702253372,0.76,25,13.5352595672359,1838351700,21.37574445,295.3552632,41.61,6.21,48.116588276081,0.16854358974359,16.1937059785982,10.310034991086,326.140831604004,325.309997558594
"134",2022-04-12,27.0358096270219,16.589411974232,10.50115473,285.395866929382,392.328135145814,0.88,315.494209880084,0.76,25,11.2796193403958,1904327700,21.37574445,295.3552632,41.61,6.21,49.4836892672411,0.133508510638298,10.1213251004881,5.17571147149162,325.800631713867,328.983337402344
"135",2022-04-13,25.7674753458266,16.669690966865,10.50115473,295.730942648994,388.064394265068,0.88,315.995116784338,0.76,25,10.3256798881152,1959448800,21.37574445,295.3552632,41.61,6.21,53.7059788702572,0.100588764044944,11.84279941498,20.0426517823624,325.553931884766,340.790008544922
"136",2022-04-14,24.5897363704309,16.4356659738355,10.50115473,303.461286091555,384.114052653562,0.88,316.239438105556,0.76,25,8.46692578548465,1901026500,21.37574445,295.3552632,41.61,6.21,49.0480079945048,0.134001675977654,16.761595862836,25.066424334654,325.047065429688,328.333343505859
"137",2022-04-18,23.2556189736628,16.2500233986955,10.50115473,309.673062245738,381.198943979847,0.88,316.606247968449,0.76,25,7.42708166456305,1952741700,21.37574445,295.3552632,41.61,6.21,51.3915836572894,0.0608009345794392,28.602762562044,40.6992115691157,324.538465576172,334.763336181641
"138",2022-04-19,22.4895072025335,16.0324030575777,10.50115473,316.024579305743,378.413759927655,0.88,317.123286123622,0.76,25,7.16220423303486,2002589400,21.37574445,295.3552632,41.61,6.21,54.1978406686255,0.0959824742268041,40.0895679115088,54.5030678307568,324.268865661621,342.716674804688
"139",2022-04-20,21.2105572815273,16.2860394811994,10.50115473,315.086663136694,378.792343821314,0.88,317.293782188547,0.76,25,5.5182624727272,1931878200,21.37574445,295.3552632,41.61,6.21,47.8457384158287,0.156584285714286,48.883441384482,51.4480447535734,323.806199035645,325.733337402344
"140",2022-04-21,21.254157985797,17.8613221138202,10.50115473,315.499211534388,378.702128187291,0.88,317.66935105146,0.76,25,5.00712227955438,2037294600,21.37574445,295.3552632,41.61,6.21,51.6298641280588,0.149521844660194,49.2526271030019,41.8067687246754,323.562398986816,336.260009765625
"141",2022-04-22,21.2248433710762,17.5581325843453,10.50115473,315.154916539031,378.750756678743,0.88,318.012862171186,0.76,25,4.45041070421576,1967598000,21.37574445,295.3552632,41.61,6.21,51.1577217996432,0.107942105263158,38.0883828988071,21.0103352181724,323.122598876953,335.016662597656
"142",2022-04-25,20.6574802452696,17.0973130380026,10.50115473,314.626787916697,378.85821879717,0.88,318.303168659752,0.76,25,3.77659200579876,1899256800,21.37574445,295.3552632,41.61,6.21,50.2254971483066,0.215315384615385,29.3687581020606,25.289170363334,322.633465576172,332.67333984375
"143",2022-04-26,20.3814958858248,18.8522683218395,10.50115473,304.204167168104,382.100175483264,0.88,317.785086402102,0.76,25,-0.0277943633084305,1763123100,21.37574445,295.3552632,41.61,6.21,37.4971403179881,0.0951479262672811,20.6277259551792,15.5836722840311,321.904865722656,292.140014648438
"144",2022-04-27,20.1252246949118,18.4956766811054,10.50115473,296.607758588971,382.427916459857,0.88,317.310860333187,0.76,25,-2.87277648978989,1840079400,21.37574445,295.3552632,41.61,6.21,38.2031015269483,0.132658536585366,16.1928647032758,7.70575146246226,321.227899169922,293.836669921875
"145",2022-04-28,20.7545873275608,19.0388430684204,10.50115473,290.031542857323,381.788131825294,0.88,316.819622037797,0.76,25,-5.17537648120674,1715130900,21.37574445,295.3552632,41.61,6.21,37.8413744867154,0.140805797101449,11.0780479181937,9.94472000808754,320.76969909668,292.503326416016
"146",2022-04-29,20.5236448457026,19.2122596210109,10.50115473,283.824057364598,381.100948738918,0.88,316.29355677796,0.76,25,-7.09991634364206,1626997800,21.37574445,295.3552632,41.61,6.21,37.2012491364421,0.213597706422018,12.0420382787648,18.4756433657446,320.308865661621,290.253326416016
"147",2022-05-02,20.6473376476103,19.2287645664688,10.50115473,280.872868326012,377.997138998207,0.88,315.990318247433,0.76,25,-7.67114605539814,1702779300,21.37574445,295.3552632,41.61,6.21,42.2194439368944,0.230536893203883,20.3616348379027,32.664541139876,319.812832336426,300.980010986328
"148",2022-05-03,20.3475158926862,18.7002826038528,10.50115473,282.065565977876,368.931107606109,0.88,315.734734589184,0.76,25,-7.86348302395783,1766488800,21.37574445,295.3552632,41.61,6.21,43.1782661838859,0.196523943661972,33.6572085486326,49.8314411402772,319.280465698242,303.083343505859
"149",2022-05-04,19.3775763879767,19.0364536497271,10.50115473,283.375273023204,363.00006877367,0.88,315.770482588307,0.76,25,-6.77132380220382,1848132600,21.37574445,295.3552632,41.61,6.21,49.3941383508716,0.154732978723404,52.0648115513606,73.6984523739284,319.109865722656,317.540008544922
"150",2022-05-05,18.9621548650648,19.9367080067779,10.50115473,279.952629642167,360.673377437911,0.88,315.281825957923,0.76,25,-7.94818454567184,1755613500,21.37574445,295.3552632,41.61,6.21,40.6364219979197,0.173773737373737,63.2906960870417,66.3421947469194,318.630698852539,291.093322753906
"151",2022-05-06,18.8224865513133,19.581465854229,10.50115473,277.322871791461,356.916132725141,0.88,314.752482627924,0.76,25,-8.98253595643325,1682710500,21.37574445,295.3552632,41.61,6.21,39.9036894186958,0.151345967741935,62.3910548970213,47.132517570216,318.29483215332,288.549987792969
"152",2022-05-09,19.606771587737,20.1946937570798,10.50115473,268.447364063794,357.845641307299,0.88,313.715205647513,0.76,25,-11.7789926204092,1591900200,21.37574445,295.3552632,41.61,6.21,33.2562554693334,0.1083568,43.0436158663619,15.6561352819501,317.723498840332,262.369995117188
"153",2022-05-10,20.4260647702154,19.9691193180976,10.50115473,261.574737148202,358.85526773461,0.88,312.783815291638,0.76,25,-13.4918976929764,1676301900,21.37574445,295.3552632,41.61,6.21,35.1709642463175,0.0860034246575342,25.1187114667912,12.5674815482074,317.136998901367,266.679992675781
"154",2022-05-11,21.7659557400939,20.5087069344667,10.50115473,250.468555453531,361.52978286434,0.88,311.434960964138,0.76,25,-16.4362119095688,1579077300,21.37574445,295.3552632,41.61,6.21,30.3776151467619,0.0724802919708029,11.7146403739367,6.92030429165231,316.493932342529,244.66667175293
"155",2022-05-12,23.4999483383968,20.9404656868458,10.50115473,241.532212274484,360.653792364188,0.88,310.073212662926,0.76,25,-18.7152476985279,1438764300,21.37574445,295.3552632,41.61,6.21,29.9778686639207,0.102129197080292,10.9869765492559,13.4731438079078,315.812032470703,242.66667175293
"156",2022-05-13,24.4163867816135,20.8578138845069,10.50115473,236.308917681538,358.696752484478,0.88,309.012951001864,0.76,25,-19.1816314433466,1530915000,21.37574445,295.3552632,41.61,6.21,36.2410408318349,0.16434954954955,15.7179179245432,26.7603056740694,315.377532348633,256.529998779297
"157",2022-05-16,25.6197957122058,20.5743985634456,10.50115473,229.527156201946,356.147846849812,0.88,307.675202764977,0.76,25,-20.5308689042535,1444816500,21.37574445,295.3552632,41.61,6.21,32.8052343165853,0.0429276785714286,25.376878436804,35.8971858284348,314.663665771484,241.456665039062
"158",2022-05-17,26.7372468620415,20.0597983172843,10.50115473,227.27749885341,349.512836229597,0.88,306.609753108585,0.76,25,-20.3637566078002,1525052700,21.37574445,295.3552632,41.61,6.21,38.016772182759,0.0484741176470588,37.2750298775752,49.1675981302213,313.839465637207,253.869995117188
"159",2022-05-18,28.0769594571746,20.0745743373109,10.50115473,221.380063592991,346.497271001735,0.88,305.223487354347,0.76,25,-21.3781601541776,1437240900,21.37574445,295.3552632,41.61,6.21,34.0596830044989,0.0536282442748092,41.8195199636761,40.393775932372,312.648832397461,236.603332519531
"160",2022-05-19,29.3918018075248,19.5904387871988,10.50115473,217.981372782015,339.917293599821,0.88,303.862098053007,0.76,25,-21.9396657705761,1346944200,21.37574445,295.3552632,41.61,6.21,34.0309612636713,0.0746598591549296,41.751246843731,35.6923664685996,311.367098999023,236.473327636719
"161",2022-05-20,31.1921953080248,20.300169756919,10.50115473,213.065847621708,333.461152805538,0.88,302.227205082686,0.76,25,-23.3399748013629,1201971000,21.37574445,295.3552632,41.61,6.21,30.7696076946106,0.127947520661157,32.7824106489776,22.261089545961,309.951865692139,221.300003051758
"162",2022-05-23,32.8639892727748,19.847777260331,10.50115473,210.708583005478,325.047749391983,0.88,300.697293289878,0.76,25,-23.8786035832005,1290874500,21.37574445,295.3552632,41.61,6.21,32.4542051661618,0.0894789855072464,27.1936257688445,23.6274212919727,308.580899047852,224.966659545898
"163",2022-05-24,34.5717364217106,19.7236492668476,10.50115473,202.369466984125,325.111531245856,0.88,298.889162194507,0.76,25,-25.271333283189,1201782000,21.37574445,295.3552632,41.61,6.21,29.2025689853712,0.116807746478873,21.9502172796635,19.9621410010565,307.106965789795,209.386672973633
"164",2022-05-25,35.6709032437285,19.4174368924578,10.50115473,197.420252052846,322.637079795299,0.88,297.319079895675,0.76,25,-25.259772048794,1293921300,21.37574445,295.3552632,41.61,6.21,33.8794118644118,0.07658046875,22.4182647925184,23.6652320845257,305.780365753174,219.600006103516
"165",2022-05-26,35.2947289709977,19.5783341264926,10.50115473,195.609985305583,318.788014267171,0.88,296.10305858412,0.76,25,-23.6617710251632,1399924500,21.37574445,295.3552632,41.61,6.21,40.6248628153678,0.217362790697674,28.4775935349786,41.8054075193536,304.140199127197,235.910003662109
"166",2022-05-27,33.9694337455482,19.419643041425,10.50115473,195.646336812311,315.047330790228,0.88,295.253691220352,0.76,25,-20.7600688854243,1489219500,21.37574445,295.3552632,41.61,6.21,46.8218995160126,0.173542857142857,46.2535472834455,73.290002246457,302.840332641602,253.210006713867
"167",2022-05-31,32.3256717488134,19.0937166952044,10.50115473,197.027011006231,308.843988139277,0.88,294.412099838088,0.76,25,-18.2865038836293,1387305000,21.37574445,295.3552632,41.61,6.21,46.6833858676241,0.225208695652174,68.7190559316053,91.0617580290051,301.740799255371,252.753326416016
"168",2022-06-01,30.8578955308081,18.7074984145899,10.50115473,199.143759957935,301.0979041656,0.88,293.469087827158,0.76,25,-16.6158398853631,1310057100,21.37574445,295.3552632,41.61,6.21,44.8188706690881,0.141279347826087,83.9204702702164,87.409650535187,300.659699249268,246.789993286133
"169",2022-06-02,29.0297376572281,18.9529146568095,10.50115473,206.319005378019,288.00199224161,0.88,292.773330513865,0.76,25,-14.1967237451438,1403530200,21.37574445,295.3552632,41.61,6.21,49.0600765340218,0.200656,87.2310110323582,83.2216245328825,299.819832611084,258.333343505859
"170",2022-06-03,27.8267735304532,19.3788973065324,10.50115473,208.527013647757,280.136317956247,0.88,291.619733129386,0.76,25,-14.0395249755962,1291136400,21.37574445,295.3552632,41.61,6.21,41.9038124960697,0.0554846534653465,75.3457778803038,55.4060585728417,298.63793258667,234.516662597656
"171",2022-06-06,26.7097354127337,18.7458805416126,10.50115473,212.272017148021,271.364315554616,0.88,290.563500766018,0.76,25,-13.456159805756,1375341000,21.37574445,295.3552632,41.61,6.21,43.3109412632251,0.0704975,58.0625018127469,35.5598223325164,297.472732696533,238.279998779297
"172",2022-06-07,25.9236594418274,18.1142701865895,10.50115473,212.631441165846,268.656559322435,0.88,289.540197245376,0.76,25,-12.7973651095438,1448149500,21.37574445,295.3552632,41.61,6.21,43.5483137160388,0.111798734177215,35.3375092510915,15.0466468479161,296.174199523926,238.886672973633
"173",2022-06-08,24.4357488048953,17.611583755851,10.50115473,214.040549125388,264.766118965432,0.88,288.596166977174,0.76,25,-11.8976560432542,1524360000,21.37574445,295.3552632,41.61,6.21,44.7716281896607,0.156023529411765,25.3218019666498,25.3589367195166,295.154332885742,241.866668701172
"174",2022-06-09,22.720128576729,17.5121850033404,10.50115473,213.906517907645,264.404149511789,0.88,287.628058027905,0.76,25,-11.2294779382298,1427868600,21.37574445,295.3552632,41.61,6.21,44.0268915042294,0.235218032786885,24.3631741935369,32.6839390131779,294.052699584961,239.706665039062
"175",2022-06-10,21.8096725347549,17.1036957145974,10.50115473,213.265417213748,264.001582603146,0.88,286.531066695224,0.76,25,-11.1744347760874,1330332000,21.37574445,295.3552632,41.61,6.21,41.4563239764204,0.190124637681159,29.1141503871016,29.2995754286102,292.939966278076,232.229995727539
"176",2022-06-13,21.6998703675069,17.1353361190513,10.50115473,210.754043222145,262.433623098656,0.88,285.129197331326,0.76,25,-12.3196731942171,1227564600,21.37574445,295.3552632,41.61,6.21,36.4065143713255,0.117493518518519,26.8797683696764,18.6557906672411,291.778499603271,215.736663818359
"177",2022-06-14,21.7499988948121,16.9537648257402,10.50115473,208.956149661555,262.174850094304,0.88,283.857134005748,0.76,25,-12.6654523287262,1325553300,21.37574445,295.3552632,41.61,6.21,38.9104095068844,0.148195890410959,20.3286969492607,13.0307247519306,290.666499633789,220.889999389648
"178",2022-06-15,21.0665864586384,16.9937342083045,10.50115473,209.263191743454,259.780808500687,0.88,282.850062045238,0.76,25,-11.8259863332426,1444685100,21.37574445,295.3552632,41.61,6.21,44.4459456523182,0.229478409090909,18.5628715399739,24.0020992007498,289.850166320801,233
"179",2022-06-16,20.9557286723344,17.5160868464669,10.50115473,206.450787366562,260.242880235977,0.88,281.46887281867,0.76,25,-12.6209798802814,1337294400,21.37574445,295.3552632,41.61,6.21,38.303706285889,0.117484523809524,21.647930657108,27.9109680186436,288.881166381836,213.100006103516
"180",2022-06-17,20.8527892993378,16.8270802943755,10.50115473,204.56582916154,260.156505128011,0.88,280.187508891703,0.76,25,-12.8080443549867,1429936200,21.37574445,295.3552632,41.61,6.21,39.9474624675168,-0.0322631578947368,27.6098466055831,30.9164725973558,287.987433013916,216.759994506836
"181",2022-06-21,19.5740964718,17.5406221054497,10.50115473,205.761752380948,260.534248290439,0.88,279.333036772463,0.76,25,-11.1911318961609,1552729200,21.37574445,295.3552632,41.61,6.21,48.1839866424183,0.130568181818182,33.5497998073813,41.8219588061443,287.23309967041,237.036666870117
"182",2022-06-22,18.5831648776616,17.2167682472619,10.50115473,206.554225181482,260.853776527502,0.88,278.476673072452,0.76,25,-9.87256910638604,1451621700,21.37574445,295.3552632,41.61,6.21,47.8528322868435,0.131851020408163,44.5777782763754,60.994903425626,286.830299682617,236.086669921875
"183",2022-06-23,17.3128735345505,16.7498557064418,10.50115473,210.236992041491,259.739343102552,0.88,277.617135136843,0.76,25,-8.80810047140244,1347419100,21.37574445,295.3552632,41.61,6.21,47.4767799281053,0.0184782051282051,58.9647830886796,74.0774870342683,286.359833068848,235.070007324219
"184",2022-06-24,16.5655022644708,16.3389130363528,10.50115473,212.180780874399,260.406220163199,0.88,276.985244639857,0.76,25,-7.02522955253713,1443189900,21.37574445,295.3552632,41.61,6.21,51.7490577713984,0.132712962962963,71.4275902955585,79.2103804267811,285.694499816895,245.706665039062
"185",2022-06-27,16.238758568589,15.8506579390994,10.50115473,212.34184199916,261.146158489121,0.88,276.350289264196,0.76,25,-5.61108781881967,1354011600,21.37574445,295.3552632,41.61,6.21,51.4159563977532,0.223263043478261,77.7659379174819,80.009946291396,285.039533233643,244.919998168945
"186",2022-06-28,15.2000579463327,15.9775154583071,10.50115473,212.471276164093,258.962056660614,0.88,275.485200963481,0.76,25,-5.41693790000309,1263620400,21.37574445,295.3552632,41.61,6.21,46.4041212422413,0.182214705882353,73.9685283078504,62.685258205374,284.347299957275,232.663330078125
"187",2022-06-29,14.6384887943683,15.5784071676886,10.50115473,212.438676569862,256.56832416256,0.88,274.554603033376,0.76,25,-5.53600943591289,1180723200,21.37574445,295.3552632,41.61,6.21,44.8027288963907,0.12530125,60.0393944110334,37.4229787363302,283.661733398437,228.490005493164
"188",2022-06-30,14.3247417736455,15.2223307994748,10.50115473,211.666585046943,255.108749120538,0.88,273.56289460968,0.76,25,-5.88662942056251,1086122700,21.37574445,295.3552632,41.61,6.21,43.2555086473579,0.0693428571428572,39.4740014474997,18.3137674007947,282.828733215332,224.473327636719
"189",2022-07-01,13.9735091773656,14.7143072145375,11.49,213.254713478365,250.413619956693,0.87,272.646071670511,1.05,25.09,-5.87168280756703,1160583000,23.08,252.62,55.95,8.26,44.6844619259032,0.146846052631579,25.5849139266101,21.0179956427055,282.076900024414,227.263336181641
"190",2022-07-05,14.0312040257527,14.8761421083233,11.49,213.213359355715,250.309974384519,0.87,271.862321056232,1.05,25.09,-5.33011507280438,1245164100,23.08,252.62,55.95,8.26,47.6381567704235,0.0526720930232558,23.353409069936,30.7284641663078,281.33423324585,233.066665649414
"191",2022-07-06,13.9620139816362,14.3404661339285,11.49,213.128226781123,249.740440821416,0.87,271.067687716551,1.05,25.09,-4.95143018268195,1173310500,23.08,252.62,55.95,8.26,47.0169764095366,0.188144871794872,35.0163720222101,53.3026562576168,280.544900054932,231.733337402344
"192",2022-07-07,13.013662003416,14.2897178117925,11.49,212.794818039102,250.639515762167,0.87,270.542453008519,1.05,25.09,-3.57643303979015,1255241100,23.08,252.62,55.95,8.26,53.3154152687005,0.0505478260869565,53.7662970971812,77.2677708676189,279.975166778564,244.543334960938
"193",2022-07-08,12.7184339923063,14.2561659727665,11.49,211.932995973623,252.391004575693,0.87,270.150787328779,1.05,25.09,-1.96221657074716,1357095300,23.08,252.62,55.95,8.26,56.0475693202202,0.224756140350877,73.6283986945346,90.3147689583679,279.616133575439,250.763336181641
"194",2022-07-11,11.8672198584701,14.6262024050968,11.49,211.931564116842,251.856103729837,0.87,269.44172892648,1.05,25.09,-1.985013019353,1257854100,23.08,252.62,55.95,8.26,48.0526143522084,0.0961144444444444,81.7673503758846,77.719511301667,279.040366821289,234.343338012695
"195",2022-07-12,11.3425848053932,14.3959976312534,11.49,211.967378492389,251.904290513959,0.87,268.721496815544,1.05,25.09,-2.08182849105256,1169923200,23.08,252.62,55.95,8.26,47.4869146147748,0.0725753246753247,73.4708978413212,52.3784132639286,278.296300354004,233.070007324219
"196",2022-07-13,11.0930577034078,14.5839018793419,11.49,214.374976757967,251.627025195158,0.87,268.094140310011,1.05,25.09,-1.81726249053852,1267877700,23.08,252.62,55.95,8.26,49.4837068510821,0.119477477477477,55.376270071792,36.0308856497803,277.588733673096,237.039993286133
"197",2022-07-14,10.86135396585,14.2079094111188,11.49,215.977979913911,251.766356023589,0.87,267.504421476811,1.05,25.09,-1.48769443747028,1346435100,23.08,252.62,55.95,8.26,50.1386022140484,0.1959125,41.2038970492278,35.2023922339745,277.050700378418,238.313339233398
"198",2022-07-15,10.2088262361598,13.674011410492,11.49,216.136144894015,252.314857608426,0.87,266.961099579239,1.05,25.09,-1.07266557139596,1416118200,23.08,252.62,55.95,8.26,51.0790535763359,0.145201449275362,39.0857559694387,46.0239900245613,276.594766998291,240.066665649414
"199",2022-07-18,9.92437390137994,13.4768198867515,11.49,220.156793616627,251.038874413158,0.87,266.438041397015,1.05,25.09,-0.696986138840089,1498655700,23.08,252.62,55.95,8.26,51.3495850006851,0.228732258064516,44.7260017851459,52.9516230969019,276.261800384522,240.546661376953
"200",2022-07-19,9.42439740595625,13.2401420432782,11.49,223.660784257105,250.411884199926,0.87,266.02402075112,1.05,25.09,0.00282364968941806,1579545900,23.08,252.62,55.95,8.26,54.1824282340192,0.102524175824176,54.6519833338135,64.9803368799772,276.170300445557,245.529998779297
"201",2022-07-20,9.25809228368459,12.8072742313141,11.49,223.427686284996,251.691315485023,0.87,265.657208459018,1.05,25.09,0.708226588226552,1668410100,23.08,252.62,55.95,8.26,55.2907460178937,0.0933323420074349,64.4748310330008,75.492533122123,275.976067047119,247.5
"202",2022-07-21,10.622763481723,13.73294482891,11.49,218.851668045741,259.829333235998,0.87,265.776999678425,1.05,25.09,3.18383776440479,1810442400,23.08,252.62,55.95,8.26,66.1319132810246,0.132842211055276,75.8590427275497,87.1042581805487,275.993567047119,271.706665039062
"203",2022-07-22,12.2778251103423,13.4715462166888,11.49,216.322557565697,266.075777700416,0.87,265.905046163367,1.05,25.09,5.12994836839559,1913915100,23.08,252.62,55.95,8.26,66.3268658751484,0.207682926829268,83.2411797987167,87.1267480934781,275.814567108154,272.243347167969
"204",2022-07-25,13.4828749107759,12.9911981714956,11.49,214.804481194338,269.866519477048,0.87,265.955110973831,1.05,25.09,6.29228408489436,1849841700,23.08,252.62,55.95,8.26,63.5309787946642,0.233802380952381,85.6340121867774,82.6710302863052,275.61766708374,268.433319091797
"205",2022-07-26,13.5719723260102,12.9325399385428,11.49,214.584484338159,271.480515051489,0.87,265.814613436756,1.05,25.09,6.36755428709102,1783020900,23.08,252.62,55.95,8.26,57.0263108020384,0.0988710526315789,78.1017159938564,64.5073696017856,275.273300323486,258.859985351562
"206",2022-07-27,14.173064809465,13.2278357220899,11.49,213.961768549763,276.318898564494,0.87,265.992938068191,1.05,25.09,7.62712609247589,1871130900,23.08,252.62,55.95,8.26,63.6991589823284,0.12678253968254,70.1709571859256,63.3344716696859,275.223867034912,274.820007324219
"207",2022-07-28,15.13646785389,13.0329903133692,11.49,213.923888321137,281.597777633452,0.87,266.288127292514,1.05,25.09,9.0120644575311,1955853900,23.08,252.62,55.95,8.26,65.8731541517479,0.270765934065934,65.8721890744438,69.7747259518598,275.238567047119,280.899993896484
"208",2022-07-29,16.741996516609,13.4749196638931,11.49,213.034320779061,289.755011801506,0.87,266.899253363879,1.05,25.09,11.2907248351951,2051166900,23.08,252.62,55.95,8.26,70.8908747142652,0.197095283018868,73.8499130325095,88.4405414759828,275.52813369751,297.149993896484
"209",2022-08-01,18.7585003521448,13.7179024355291,11.49,213.337362588263,296.453303610467,0.87,267.500786413373,1.05,25.09,12.9574362357282,2168209800,23.08,252.62,55.95,8.26,70.92676177126,0.142489247311828,81.8593655071147,87.3628290935012,275.752900543213,297.276672363281
"210",2022-08-02,20.4093949092378,13.821387048114,11.49,213.508436726311,303.034229899665,0.87,268.155952423442,1.05,25.09,14.379646554373,2263787400,23.08,252.62,55.95,8.26,71.9015290338991,0.213964367816092,86.2038300705192,82.8081196420734,275.895533905029,300.586669921875
"211",2022-08-03,22.0115847092505,13.4743821068983,11.49,214.218591111539,309.89040852225,0.87,268.932996285957,1.05,25.09,15.8732909505282,2343878400,23.08,252.62,55.95,8.26,73.8445341903398,0.188403296703297,83.3616149314726,79.913896058843,276.175167388916,307.396667480469
"212",2022-08-04,23.6654963829458,13.1266875946589,11.49,214.075132889636,316.442866377942,0.87,269.719141533737,1.05,25.09,16.961284204245,2416134600,23.08,252.62,55.95,8.26,74.1935213082558,0.152780838323353,82.1941973415786,83.8605763238193,276.610334014893,308.633331298828
"213",2022-08-05,23.4001911721289,13.8383525048898,11.49,215.469352091849,318.789314900339,0.87,270.084505333618,1.05,25.09,15.9880081574203,2302961700,23.08,252.62,55.95,8.26,59.9413101601159,0.21800612244898,74.9784352652622,61.1608334131244,276.937467498779,288.170013427734
"214",2022-08-08,23.1862688778067,14.066327238776,11.49,219.62586039518,320.240806780113,0.87,270.487254531838,1.05,25.09,15.2230229555456,2401955700,23.08,252.62,55.95,8.26,60.8335130471229,0.123066666666667,60.8222949448072,37.4454750974777,277.168734283447,290.42333984375
"215",2022-08-09,22.2043206083545,13.9932563617875,11.49,224.805038224684,320.087962568773,0.87,270.741632531324,1.05,25.09,13.8846100786262,2315711100,23.08,252.62,55.95,8.26,56.564591949726,0.0834330188679245,37.1319283907762,12.7894766617264,277.201301116943,283.333343505859
"216",2022-08-10,21.6094932412999,14.006357068786,11.49,229.681820022618,320.94284733578,0.87,271.209256816556,1.05,25.09,13.5571196243924,2410629900,23.08,252.62,55.95,8.26,61.1315155382367,0.169406220095694,24.8349485795111,24.2698939793291,277.239534454346,294.356658935547
"217",2022-08-11,21.1029441274061,13.891854443337,11.49,235.176650031445,320.279683891895,0.87,271.514618164403,1.05,25.09,12.5296704309781,2340474900,23.08,252.62,55.95,8.26,56.6364140258406,0.155435789473684,21.6390834598822,27.857879738591,277.087867889404,286.630004882812
"218",2022-08-12,20.7594374948078,13.9800561592984,11.49,240.845609149713,320.607058086615,0.87,272.079279166678,1.05,25.09,12.6508459842223,2420132100,23.08,252.62,55.95,8.26,61.8725394135957,0.168378787878788,34.2594441819181,50.6505588278341,277.017634429932,300.029998779297
"219",2022-08-15,21.2245123411383,13.9174330421722,11.49,246.96536548828,321.364636342774,0.87,272.816719328213,1.05,25.09,13.3426982134618,2509491300,23.08,252.62,55.95,8.26,65.0255933525467,0.129215079365079,48.0430233229009,65.6206314022774,276.797567901611,309.320007324219
"220",2022-08-16,21.7416526467652,13.7649967673965,11.49,253.329110384715,321.10422396587,0.87,273.484968925172,1.05,25.09,13.5127877758491,2421354900,23.08,252.62,55.95,8.26,63.3514015923049,0.175092783505155,65.7366936377888,80.9388906832549,276.532834320068,306.563323974609
"221",2022-08-17,21.9299103178754,13.469165001924,11.49,260.762177831468,319.320823877517,0.87,274.089161096633,1.05,25.09,13.2873099058082,2352588900,23.08,252.62,55.95,8.26,61.7570935320799,0.0325330434782609,74.0545739486217,75.6041997603328,276.193067779541,303.996673583984
"222",2022-08-18,22.1047210124777,12.8389866075343,11.49,263.082163305539,320.117171411258,0.87,274.659078601991,1.05,25.09,12.8693536352816,2305088400,23.08,252.62,55.95,8.26,61.0310133947104,0.154323913043478,74.2135350592772,66.0975147342437,275.852967681885,302.869995117188
"223",2022-08-19,21.3074144179668,12.6626300725095,11.49,265.664166855964,319.97749879345,0.87,275.094872223618,1.05,25.09,11.9003824945943,2243693100,23.08,252.62,55.95,8.26,57.0536838441368,0.326757352941176,63.1207384396368,47.6605008243338,275.180167694092,296.666656494141
"224",2022-08-22,19.999476386519,12.4988704328437,11.49,269.083320984653,318.706345763394,0.87,275.388307032618,1.05,25.09,10.4668732828684,2187849900,23.08,252.62,55.95,8.26,53.0039527217969,0.196081,48.112273408083,30.5788046656713,274.4140675354,289.913330078125
"225",2022-08-23,19.2976779837269,12.3849025671048,11.49,276.872130298019,314.676871777176,0.87,275.805436371042,1.05,25.09,9.74618300623507,2251834800,23.08,252.62,55.95,8.26,56.2431250515646,0.09377,34.4157762537252,25.0080232711704,273.73196762085,296.453338623047
"226",2022-08-24,19.0078549244289,12.014075873556,11.49,280.613550842133,313.16311846939,0.87,276.227045149586,1.05,25.09,9.12179266921396,2309094600,23.08,252.62,55.95,8.26,56.560306019326,0.131342857142857,30.7160222631955,36.5612388527446,273.110934295654,297.0966796875
"227",2022-08-25,18.2600578500515,11.9673551219851,11.49,283.101189278118,312.192481376178,0.87,276.619975093638,1.05,25.09,8.44674611784774,2255864600,23.08,252.62,55.95,8.26,55.8643673181314,0.176512676056338,37.5526433043044,51.0886677889982,272.456334381103,296.070007324219
"228",2022-08-26,17.1769678211508,12.1504010975074,11.49,282.062006497042,312.325664401395,0.87,276.847104227187,1.05,25.09,7.18502220413183,2198700700,23.08,252.62,55.95,8.26,50.6478946520763,0.136527272727273,42.5636719093453,40.041109086293,271.5190675354,288.089996337891
"229",2022-08-29,16.3276295965871,11.8103713141754,11.49,280.507331555052,312.634672839479,0.87,277.004983496436,1.05,25.09,5.85375765293173,2156836000,23.08,252.62,55.95,8.26,48.6434507104966,0.168641379310345,39.7789690080623,28.2071301488955,270.729734344482,284.820007324219
"230",2022-08-30,16.1769526865744,12.0974888695802,11.49,277.515743632616,313.337594990431,0.87,277.0187464412,1.05,25.09,4.17605780827932,2106294200,23.08,252.62,55.95,8.26,44.5126516502492,0.191796470588235,27.7030815144807,14.8610053082534,270.020867767334,277.700012207031
"231",2022-08-31,16.1012903368925,11.907668410425,11.49,274.848355546641,312.826314863516,0.87,276.990850181999,1.05,25.09,2.64730441663932,2054186900,23.08,252.62,55.95,8.26,43.3489409184881,0.197628125,19.5166890549053,15.4819317075668,269.252767486572,275.609985351562
"232",2022-09-01,16.4597609043518,11.8735487150933,11.49,273.223762774607,311.303574871877,0.87,276.994199755863,1.05,25.09,1.54304262839923,2108473900,23.08,252.62,55.95,8.26,44.5076236684149,0.168941025641026,16.6923622337904,19.734149685551,268.606067657471,277.160003662109
"233",2022-09-02,16.2708858099773,11.973296630533,11.49,270.076850645196,312.654484804023,0.87,276.859858997431,1.05,25.09,0.105878799121513,2057583800,23.08,252.62,55.95,8.26,40.5070644688097,0.238647916666667,18.5267063017778,20.3640375122155,268.055067596436,270.209991455078
"234",2022-09-06,16.3632736859085,11.8502040140664,11.49,268.028728972518,313.102273835099,0.87,276.811545223774,1.05,25.09,-0.685468645361368,2113443800,23.08,252.62,55.95,8.26,43.8023132769212,0.124563414634146,23.0398184022001,29.0212680088338,267.509434356689,274.420013427734
"235",2022-09-07,15.6162265305052,11.8301899647916,11.49,268.070040534698,313.097629143036,0.87,276.947950510571,1.05,25.09,-0.557373793028148,2163472700,23.08,252.62,55.95,8.26,50.3327359357387,0.170498876404494,33.7483343088392,51.8596974054684,266.938534393311,283.700012207031
"236",2022-09-08,14.6199158835003,11.6808899840475,11.49,267.87650056265,312.781504198092,0.87,277.191753664137,1.05,25.09,-0.00713017136320104,2217185800,23.08,252.62,55.95,8.26,53.7969510505675,0.0931428571428571,53.225570625783,78.7957464630469,266.547801055908,289.260009765625
"237",2022-09-09,14.5617055063651,11.602969009322,11.49,268.240272615367,313.722730924672,0.87,277.637065327733,1.05,25.09,1.25527734467005,2271523900,23.08,252.62,55.95,8.26,59.4983843970104,0.176553535353535,76.6316058534012,99.2393736916882,266.19696762085,299.679992675781
"238",2022-09-12,14.9234917340553,11.18918533427,11.49,268.033904266627,314.368100738256,0.87,278.167420735654,1.05,25.09,2.60815922098101,2320198500,23.08,252.62,55.95,8.26,61.8072179746246,0.109678571428571,92.21167874615,98.5999160837148,265.81400100708,304.420013427734
"239",2022-09-13,14.2833310665562,11.3913877769114,11.49,268.701899316389,311.981105444353,0.87,278.443907550449,1.05,25.09,2.65798725472399,2251968900,23.08,252.62,55.95,8.26,53.3199714738917,0.131739726027397,94.456776193195,85.5310388041819,265.477967681885,292.130004882812
"240",2022-09-14,14.3315582398195,11.6034304608151,11.49,269.034838134805,311.252832763632,0.87,278.922443744531,1.05,25.09,3.50274569741748,2324597600,23.08,252.62,55.95,8.26,58.5472318049695,0.139692592592593,88.5072377588819,81.3907583887487,265.141467437744,302.609985351562
"241",2022-09-15,14.5952218118756,11.3746135633629,11.49,269.054631105233,311.208372434807,0.87,279.414078521867,1.05,25.09,4.21561748974597,2389393100,23.08,252.62,55.95,8.26,59.0839805468609,0.177628723404255,79.882618090489,72.7260570785361,264.828800811768,303.75
"242",2022-09-16,14.3353528096051,11.1442835871573,11.49,269.019653584862,311.29135105381,0.87,279.88805728586,1.05,25.09,4.69418570578523,2302305300,23.08,252.62,55.95,8.26,58.7963101414018,0.216606060606061,76.658080010533,75.8574245643142,264.535567474365,303.350006103516
"243",2022-09-19,14.5498195263087,11.2082639412833,11.49,268.231084151923,313.320255569757,0.87,280.465917682659,1.05,25.09,5.47193371366944,2362536500,23.08,252.62,55.95,8.26,61.6703188877931,0.188129885057471,75.8090153592424,78.8435644348767,264.704867401123,309.070007324219
"244",2022-09-20,14.9974693586718,10.9612450883345,11.49,267.861931659979,315.571076152521,0.87,281.025602698573,1.05,25.09,5.99180000954561,2300893700,23.08,252.62,55.95,8.26,61.3961891237309,0.0506098765432099,78.6790761077255,81.3362393239856,264.853800811768,308.730010986328
"245",2022-09-21,14.8918808668843,11.1190120756075,11.49,267.832672518579,316.035000210913,0.87,281.417174680641,1.05,25.09,5.69822559904333,2238338000,23.08,252.62,55.95,8.26,55.2297049280195,0.124907407407407,75.9935638702862,67.8008878519963,264.936767425537,300.799987792969
"246",2022-09-22,14.1835198990123,11.4297970145429,11.49,267.48668450764,315.530319886892,0.87,281.559210753061,1.05,25.09,4.42926370153197,2167792600,23.08,252.62,55.95,8.26,47.3448370647879,0.0982795180722892,62.7416432875845,39.0878026867714,264.920134124756,288.589996337891
"247",2022-09-23,14.4315693085394,11.7398107287664,11.49,265.552960908146,315.39004141119,0.87,281.435859779184,1.05,25.09,2.32680828825772,2104044200,23.08,252.62,55.95,8.26,40.5707884129945,0.143601162790698,40.5846906406428,14.8653813831607,264.663633880615,275.329986572266
"248",2022-09-26,14.8207045801573,11.8855384466614,11.49,264.17378623491,315.561217427199,0.87,281.328417204658,1.05,25.09,0.707315916777986,2162121100,23.08,252.62,55.95,8.26,41.0367197133126,0.145531944444444,21.2212035463836,9.71042656921852,264.392900543213,276.010009765625
"249",2022-09-27,14.7506253209401,11.940857390622,11.49,263.992999529129,315.554003644699,0.87,281.360329783604,1.05,25.09,-0.0167577894960118,2224046300,23.08,252.62,55.95,8.26,45.7081541575287,0.188188235294118,13.5555537816107,16.0908533924528,264.046900482178,282.940002441406
"250",2022-09-28,14.653887607614,11.9043670538477,11.49,265.075243024241,315.482758684744,0.87,281.488045977168,1.05,25.09,-0.195371392875245,2278711100,23.08,252.62,55.95,8.26,48.7792608006143,0.127382666666667,19.5599495073895,32.8785685604969,264.014067230225,287.809997558594
"251",2022-09-29,15.3701406143286,12.6276264628083,11.49,263.659162271047,316.158840048289,0.87,281.225114204453,1.05,25.09,-1.89661762152542,2201090500,23.08,252.62,55.95,8.26,39.1746853735154,0.0620285714285714,26.9891737177146,31.9980992001938,263.810667266846,268.209991455078
