"","Date","ADX","ATR","B.S","BB_lower","BB_upper","D.E","EMA_100","EPS","Gross.Margin","MACD","OBV","P.B","Price.to.Earnings","Revenue.Growth","ROE","RSI","sentiment_score","SMA_100","STOCH_D","STOCH_K","EMA_50","Close"
"1",2021-10-01,25.6390280444358,2.02593261327613,3.025028924,102.628163426476,118.955681330604,0.716250845,109.720777288839,0.23,52.66268429,-1.44086421739371,16970800,37.51038514,493.3478261,24.14010729,7.617384209,33.8820370772987,0.230249019607843,109.235546951294,15.67987934347,13.8437073519348,109.526476622832,104.782012939453
"2",2021-10-04,27.1702473971276,2.08517280855963,3.025028924,101.53702656209,118.690277515059,0.716250845,109.57573891513,0.23,52.66268429,-1.75371030572298,8456300,37.51038514,493.3478261,24.14010729,7.617384209,28.7984116340435,0.0616837837837838,109.251180267334,11.4509995650618,13.0385812499207,109.246863399055,102.396339416504
"3",2021-10-05,28.5920939389129,2.02546141433265,3.025028924,100.793512948743,118.03151146532,0.716250845,109.438036766226,0.23,52.66268429,-1.96084844149377,16495900,37.51038514,493.3478261,24.14010729,7.617384209,29.8692381641839,0.14981,109.264036254883,13.7480650908032,14.3619066705541,108.987056222445,102.621780395508
"4",2021-10-06,30.2958175833787,2.010937568727,3.025028924,100.026845416079,117.666256085386,0.716250845,109.304548595712,0.23,52.66268429,-2.09479912040419,24049500,37.51038514,493.3478261,24.14010729,7.617384209,30.2456077318197,0.2120175,109.24307220459,15.0771139148968,17.8308538242154,108.740382808046,102.696884155273
"5",2021-10-07,30.4917335441842,2.02630020605498,3.025028924,99.7007279890505,116.926502082971,0.716250845,109.201416284556,0.23,52.66268429,-2.06423423112021,31871400,37.51038514,493.3478261,24.14010729,7.617384209,37.0274512099295,0.23436,109.260889663696,23.4731161589628,38.2265879821186,108.558264536449,104.096366882324
"6",2021-10-08,30.9501028495069,1.98622289711466,3.025028924,99.4398929903922,116.020141189295,0.716250845,109.08563334321,0.23,52.66268429,-2.07595336024616,26728000,37.51038514,493.3478261,24.14010729,7.617384209,35.0800684446126,0.231875,109.261596298218,36.3439200806558,52.9743184356333,108.35419054469,103.354377746582
"7",2021-10-11,30.9937329841469,1.9657804617691,3.025028924,99.4942497116498,114.758451856954,0.716250845,108.976234906078,0.23,52.66268429,-2.04499376043731,32046500,37.51038514,493.3478261,24.14010729,7.617384209,36.0881574035371,0.392472727272727,109.249832611084,51.8793867698228,64.4372538917163,108.166222769136,103.561012268066
"8",2021-10-12,31.4299670645039,1.99107706159007,3.025028924,99.5702543687919,113.425128321638,0.716250845,108.849287663778,0.23,52.66268429,-2.07685501900957,22751900,37.51038514,493.3478261,24.14010729,7.617384209,33.397220384127,0.3046175,109.219912796021,57.3239651414613,54.5603230970343,107.94658262799,102.565399169922
"9",2021-10-13,31.8350415676924,1.92265539604647,3.025028924,99.7566634430726,112.20339209892,0.716250845,108.739361559727,0.23,52.66268429,-2.01970703989878,30597000,37.51038514,493.3478261,24.14010729,7.617384209,37.1131837801754,0.149117948717949,109.210644378662,56.2431801022913,49.7319633181233,107.764286031174,103.29801940918
"10",2021-10-14,29.7892140678565,2.10466515700564,3.025028924,100.399077315932,110.787980179185,0.716250845,108.679597173808,0.23,52.66268429,-1.75860943038181,47527500,37.51038514,493.3478261,24.14010729,7.617384209,47.5391580360491,-0.012824,109.209021682739,51.3229355045813,49.6765200985861,107.684167366061,105.721260070801
"11",2021-10-15,27.8026455582693,2.11467473031735,3.025028924,100.667107601046,110.24850900662,0.716250845,108.663793878519,0.23,52.66268429,-1.36167535720689,59086300,37.51038514,493.3478261,24.14010729,7.617384209,54.7426413249041,0.164319230769231,109.222945022583,56.2912778153088,69.4653500292167,107.691907107067,107.881530761719
"12",2021-10-18,25.8474473242116,2.09310801111744,3.025028924,100.633370565923,110.342357278315,0.716250845,108.657230968912,0.23,52.66268429,-0.999205315503573,65860100,37.51038514,493.3478261,24.14010729,7.617384209,56.097493416123,0.157060869565217,109.225349197388,68.9549820909685,87.7230761451025,107.717023179079,108.332366943359
"13",2021-10-19,24.6994716428252,2.05362526413166,3.025028924,100.472413230202,110.691163277366,0.716250845,108.680927932147,0.23,52.66268429,-0.582453801369951,71266200,37.51038514,493.3478261,24.14010729,7.617384209,60.4056465485718,0.302344827586207,109.245112380981,85.528940135655,99.3983942326455,107.800823352931,109.853927612305
"14",2021-10-20,23.5947919861302,2.00622892940241,3.025028924,100.491519852769,110.64575736891,0.716250845,108.678675283777,0.23,52.66268429,-0.351948827716456,63060400,37.51038514,493.3478261,24.14010729,7.617384209,55.450047434606,0.168016363636364,109.237191619873,92.9373795581876,91.6906682968146,107.830876130834,108.567169189453
"15",2021-10-21,22.1102741458752,1.97966129041046,3.025028924,100.482891063351,110.663776417118,0.716250845,108.689486615226,0.23,52.66268429,-0.114894536046592,67700700,37.51038514,493.3478261,24.14010729,7.617384209,57.3742880788466,0.157203846153846,109.225129699707,92.2560886411194,85.679203393898,107.885533832447,109.224647521973
"16",2021-10-22,21.0867494742591,2.03415616060226,3.025028924,100.543748861234,110.470484537204,0.716250845,108.661769948031,0.23,52.66268429,-0.0822061156743246,61417700,37.51038514,493.3478261,24.14010729,7.617384209,50.4661160556489,0.222192307692308,109.189619369507,79.0124311615017,59.6674217937925,107.862171522229,107.289794921875
"17",2021-10-25,19.5853172292796,1.98546737523779,3.025028924,100.665961401767,110.112522179776,0.716250845,108.623628941316,0.23,52.66268429,-0.0998640720805923,54750000,37.51038514,493.3478261,24.14010729,7.617384209,48.6590649020038,0.133303125,109.168415527344,61.4102811438589,38.8842182438862,107.817994172686,106.735649108887
"18",2021-10-26,18.5414891153016,1.95501668587663,3.025028924,100.707358341202,110.285273952499,0.716250845,108.596286808959,0.23,52.66268429,-0.0721000309613657,59602300,37.51038514,493.3478261,24.14010729,7.617384209,50.4093627755283,0.196970588235294,109.127217330933,39.6638611752869,20.439943488182,107.795439548554,107.242851257324
"19",2021-10-27,17.5669328840521,1.90594245891098,3.025028924,100.783024524705,110.409666515334,0.716250845,108.561488384418,0.23,52.66268429,-0.0817446617985098,54207800,37.51038514,493.3478261,24.14010729,7.617384209,48.9774852407239,0.176341025641026,109.094000854492,25.9353769037744,18.4819689792549,107.757930796439,106.838966369629
"20",2021-10-28,17.1230352241878,1.9361837590196,3.025028924,100.785233710253,110.816969658888,0.716250845,108.569412922375,0.23,52.66268429,0.0809636523123771,59922100,37.51038514,493.3478261,24.14010729,7.617384209,56.0443581573804,0.163427536231884,109.10344367981,25.6528594410158,38.0366658556105,107.805136551531,108.96167755127
"21",2021-10-29,16.5216708528134,1.98506316750122,3.025028924,100.890892864936,110.912310717827,0.716250845,108.534216925411,0.23,52.66268429,0.0344405254030704,52803200,37.51038514,493.3478261,24.14010729,7.617384209,48.6302654038406,0.27011724137931,109.079914779663,30.8284006851655,35.966567220631,107.765406297576,106.792015075684
"22",2021-11-01,16.040614397239,1.90969074012743,3.025028924,101.371354245623,110.910863924543,0.716250845,108.507529170265,0.23,52.66268429,0.0290660069243103,57758900,37.51038514,493.3478261,24.14010729,7.617384209,49.9272484356695,0.112756164383562,109.049987335205,38.4677808994839,41.4001096222102,107.742703512986,107.186485290527
"23",2021-11-02,15.8368846532879,1.85781633654889,3.025028924,101.865479427854,110.872270816286,0.716250845,108.481184060661,0.23,52.66268429,0.0237753717191538,53279200,37.51038514,493.3478261,24.14010729,7.617384209,49.8949746856406,0.253340425531915,109.019872970581,35.1447622662705,28.0676099559703,107.720523027584,107.177101135254
"24",2021-11-03,15.1082256001246,1.81769722074099,3.025028924,102.405664492787,110.770715664683,0.716250845,108.453500877055,0.23,52.66268429,0.011867320792291,47206200,37.51038514,493.3478261,24.14010729,7.617384209,49.5497586451221,0.0929833333333333,108.963287277222,34.5818380630889,34.2777946110863,107.695529312329,107.083183288574
"25",2021-11-04,16.114241775742,2.05282461700616,3.025028924,102.54500506245,111.285089847217,0.716250845,108.496669461753,0.23,52.66268429,0.285619708120436,61889000,37.51038514,493.3478261,24.14010729,7.617384209,60.637084942724,0.239096666666667,108.956555023193,39.6249400640911,56.5294156252167,107.810744413975,110.633514404297
"26",2021-11-05,17.59207300409,2.12624560779051,3.025028924,102.942450664222,111.616498615563,0.716250845,108.53916950108,0.23,52.66268429,0.497593568233128,70557100,37.51038514,493.3478261,24.14010729,7.617384209,60.6617537158358,0.0692117647058824,108.963241958618,53.9918666768436,71.1683897942279,107.921810180005,110.642921447754
"27",2021-11-08,19.6768380161987,2.32323263293802,3.025028924,102.98976534915,112.569477662324,0.716250845,108.6386700968,0.23,52.66268429,0.891015861964902,86333400,37.51038514,493.3478261,24.14010729,7.617384209,67.4774750618786,0.147084210526316,108.98463104248,71.563887617791,86.9938574339286,108.143070548827,113.563949584961
"28",2021-11-09,21.8404927009766,2.36526271797402,3.025028924,103.387950074225,113.352861845941,0.716250845,108.752381347494,0.23,52.66268429,1.25428352618394,97207500,37.51038514,493.3478261,24.14010729,7.617384209,69.0908263256371,0.205864705882353,109.045340423584,80.3167933864088,82.7881329310699,108.387698694239,114.381088256836
"29",2021-11-10,22.3917313939392,2.47137904920076,3.025028924,104.230337499736,113.282532525899,0.716250845,108.797256973561,0.23,52.66268429,1.2563684702078,88161400,37.51038514,493.3478261,24.14010729,7.617384209,56.6395444419351,0.164349275362319,109.087859039307,81.7025509204731,75.3256623964208,108.490871312656,111.018600463867
"30",2021-11-11,22.9035958945475,2.47397903225588,3.025028924,104.618733495494,113.42293139098,0.716250845,108.841057997435,0.23,52.66268429,1.24293518176059,81167400,37.51038514,493.3478261,24.14010729,7.617384209,56.6088577436213,0.0352170731707317,109.128506393433,71.2857148859724,55.7433493304264,108.589629640756,111.009208679199
"31",2021-11-12,23.0781012654246,2.40125415053013,3.025028924,104.706498412762,113.694897766437,0.716250845,108.893291377465,0.23,52.66268429,1.25570978353669,88114600,37.51038514,493.3478261,24.14010729,7.617384209,57.8389532122439,-0.048462962962963,109.157761306763,55.613777807919,35.7723216969098,108.70293215245,111.478843688965
"32",2021-11-15,23.5140932591312,2.37263502001878,3.025028924,104.794040337295,113.868465003281,0.716250845,108.933888747359,0.23,52.66268429,1.20869950622293,82957600,37.51038514,493.3478261,24.14010729,7.617384209,55.8936351623718,0.1563175,109.170531005859,38.0795078034491,22.722852383011,108.790795933026,110.943458557129
"33",2021-11-16,23.7060647109064,2.28500903491601,3.025028924,104.799476410945,113.968225310246,0.716250845,108.972938305203,0.23,52.66268429,1.15509693024291,77402500,37.51038514,493.3478261,24.14010729,7.617384209,55.7519394636361,0.219072972972973,109.189566497803,26.81039212959,21.9360023088492,108.873740854023,110.905891418457
"34",2021-11-17,24.2885561638786,2.25865536499514,3.025028924,104.85959055666,114.234027454815,0.716250845,109.029441152472,0.23,52.66268429,1.17336257910817,83793900,37.51038514,493.3478261,24.14010729,7.617384209,58.5261596648605,0.213919642857143,109.188995819092,25.6465493817543,32.2807934534025,108.98952874572,111.826332092285
"35",2021-11-18,25.9031453096468,2.3992230079974,3.025028924,104.44332394277,115.317155793558,0.716250845,109.165358451839,0.23,52.66268429,1.49872929737528,97023600,37.51038514,493.3478261,24.14010729,7.617384209,68.0561052613866,0.0984444444444444,109.22329498291,38.0744472938581,60.0065461193226,109.26026349179,115.893264770508
"36",2021-11-19,27.6620180767887,2.4143573326901,3.025028924,104.296456805869,116.406086071328,0.716250845,109.314765736566,0.23,52.66268429,1.80175338288979,106095400,37.51038514,493.3478261,24.14010729,7.617384209,69.569163648938,0.0593681818181818,109.266420593262,58.2821048834143,82.5589750775176,109.552426740369,116.710426330566
"37",2021-11-22,29.8732417968817,2.56929651517081,3.025028924,104.372398983704,117.373642123474,0.716250845,109.470327433044,0.23,52.66268429,2.05534412981979,122171500,37.51038514,493.3478261,24.14010729,7.617384209,70.4189496510127,0.0963959459459459,109.330424194336,76.3793497459676,86.5725280410624,109.851179864617,117.170631408691
"38",2021-11-23,30.0574417848001,2.73664912448346,3.025028924,104.798768699771,117.621648322934,0.716250845,109.559758779174,0.23,52.66268429,1.97660763693045,111187500,37.51038514,493.3478261,24.14010729,7.617384209,58.2905606793473,0.0895052631578947,109.358004150391,78.4619877344062,66.2544600846385,110.013353611597,113.986610412598
"39",2021-11-24,29.744431993076,2.73975613864483,3.025028924,105.389229265418,117.684902509484,0.716250845,109.635330167539,0.23,52.66268429,1.84369348114647,104194900,37.51038514,493.3478261,24.14010729,7.617384209,56.2887316155399,0.142413513513514,109.368815460205,65.3501649231358,43.2235066437064,110.145226563754,113.376113891602
"40",2021-11-26,28.6938059067625,2.82516150243987,3.025028924,105.509426750284,117.666142402548,0.716250845,109.642077121262,0.23,52.66268429,1.44731764503774,97428000,37.51038514,493.3478261,24.14010729,7.617384209,46.6748258310487,0.273514285714286,109.362463760376,43.732120833123,21.718395771024,110.138592240884,109.976051330566
"41",2021-11-29,27.955768671097,2.81054160718279,3.025028924,106.183130888263,117.516535707196,0.716250845,109.68942192088,0.23,52.66268429,1.28435936380919,105062000,37.51038514,493.3478261,24.14010729,7.617384209,52.0144190087928,0.335763636363636,109.380235748291,27.494015259697,17.5401433643607,110.212882329553,112.032989501953
"42",2021-11-30,26.4505802872184,2.90565011715953,3.025028924,106.668429090289,117.315828417035,0.716250845,109.696213455301,0.23,52.66268429,0.982457291470865,94500200,37.51038514,493.3478261,24.14010729,7.617384209,47.076924611366,0.155408333333333,109.352839508057,18.3599747136198,15.8213850054747,110.205804371892,110.03239440918
"43",2021-12-01,25.9850862721165,3.12478857755319,3.025028924,107.432885276104,117.163757790303,0.716250845,109.767594510168,0.23,52.66268429,0.995468248206265,107424600,37.51038514,493.3478261,24.14010729,7.617384209,54.6510479527824,0.274279069767442,109.338766174316,22.8289814710745,35.125416043388,110.327182895585,113.300956726074
"44",2021-12-02,25.5528418295219,3.12834999800903,3.025028924,108.356278480276,116.962642418161,0.716250845,109.857463165588,0.23,52.66268429,1.07448897991043,115850100,37.51038514,493.3478261,24.14010729,7.617384209,56.7028826437999,0.21086875,109.322863006592,34.5563475810572,52.7222416943088,110.483213433362,114.305961608887
"45",2021-12-03,24.3778017311692,3.16452991939982,3.025028924,108.519571531117,116.943994295299,0.716250845,109.901473076846,0.23,52.66268429,0.946582436903228,108041100,37.51038514,493.3478261,24.14010729,7.617384209,51.1794163475404,0.390535714285714,109.280116653442,49.8990742435733,61.8495649930231,110.545831090253,112.079963684082
"46",2021-12-06,22.7990797968569,3.13439135078279,3.025028924,108.672565261449,116.916858108912,0.716250845,109.941077508734,0.23,52.66268429,0.821346826113796,102359900,37.51038514,493.3478261,24.14010729,7.617384209,50.7525598665463,0.266975757575758,109.299754104614,56.6709428460218,55.4410218507334,110.598994454839,111.901496887207
"47",2021-12-07,22.2343082070384,3.1412913431323,3.025028924,108.649893418756,117.071963270697,0.716250845,110.03904196947,0.23,52.66268429,0.952129802214259,109819100,37.51038514,493.3478261,24.14010729,7.617384209,57.1880664473772,0.239575,109.366003112793,58.2641986772737,57.5020091880646,110.767201839978,114.888282775879
"48",2021-12-08,21.6546851819161,3.06517909423854,3.025028924,108.64946835463,117.074268217636,0.716250845,110.125395338093,0.23,52.66268429,1.0047842747871,104023400,37.51038514,493.3478261,24.14010729,7.617384209,55.9016658188766,0.140565517241379,109.431016311646,60.2011002839662,67.6602698131006,110.909660084879,114.399887084961
"49",2021-12-09,20.8795183963591,3.02066859190676,3.025028924,108.784402849203,117.06143531608,0.716250845,110.167261101577,0.23,52.66268429,0.862257960008407,97919500,37.51038514,493.3478261,24.14010729,7.617384209,50.4915049456992,0.259545283018868,109.464605026245,64.8356887119724,69.3447871347519,110.961815234258,112.239616394043
"50",2021-12-10,19.6898752358737,2.97598327082507,3.025028924,108.892804176931,117.041322104807,0.716250845,110.201416126175,0.23,52.66268429,0.713042826639807,91945600,37.51038514,493.3478261,24.14010729,7.617384209,49.6588848444241,0.26522,109.480968017578,64.3023392453288,55.9019607881337,110.998296591493,111.89208984375
"51",2021-12-13,18.6252177876651,2.94723627170958,3.025028924,108.53235044657,117.188565538537,0.716250845,110.184491860759,0.23,52.66268429,0.384962745803492,86091300,37.51038514,493.3478261,24.14010729,7.617384209,43.9432461868589,0.187411627906977,109.484131240845,51.9323565953963,30.5503218633032,110.933529694676,109.346740722656
"52",2021-12-14,18.0055730160004,2.85278330274539,3.025028924,108.234493431569,117.314541450023,0.716250845,110.165485042169,0.23,52.66268429,0.113793279044685,79824000,37.51038514,493.3478261,24.14010729,7.617384209,43.6835208961288,-0.0435297297297297,109.483922119141,35.251371288643,19.301831214492,110.866514707511,109.224647521973
"53",2021-12-15,17.2118692840351,2.93212791706135,3.025028924,108.424181139526,117.342758405152,0.716250845,110.223295992805,0.23,52.66268429,0.207985183007011,86524700,37.51038514,493.3478261,24.14010729,7.617384209,53.1184250663866,0.320706666666667,109.53297958374,26.694960788755,30.2327292884698,110.953511701307,113.084938049316
"54",2021-12-16,16.6970228902771,3.03324908279553,3.025028924,108.167667195495,117.410691263978,0.716250845,110.217696492754,0.23,52.66268429,0.028575388714458,77408600,37.51038514,493.3478261,24.14010729,7.617384209,46.3122559413637,0.154281818181818,109.570329818726,29.8729159765161,40.0841874265863,110.913786585187,109.940521240234
"55",2021-12-17,16.1391755108615,2.92167979432105,3.025028924,107.902523796318,117.056985481025,0.716250845,110.207539590902,0.23,52.66268429,-0.131119617364604,65683000,37.51038514,493.3478261,24.14010729,7.617384209,45.8380393905233,0.28641875,109.591010818481,38.0152846343767,43.7289371880738,110.866374285737,109.704772949219
"56",2021-12-20,15.0918602715947,2.89555113728568,3.025028924,107.591720643447,116.537070402695,0.716250845,110.171810965707,0.23,52.66268429,-0.358568216398439,58702200,37.51038514,493.3478261,24.14010729,7.617384209,43.2075853188841,0.275806666666667,109.588574295044,35.8213598558947,23.6509549530238,110.769780941926,108.403244018555
"57",2021-12-21,14.218220316787,2.8611840324384,3.025028924,107.907382804174,115.580452126246,0.716250845,110.183479466415,0.23,52.66268429,-0.344593735906201,64825100,37.51038514,493.3478261,24.14010729,7.617384209,48.9256633441445,0.234075,109.605132598877,32.7402177690602,30.840761166083,110.769439346222,110.761070251465
"58",2021-12-22,14.59265959686,2.96737262904535,3.025028924,107.875714815396,115.653611814242,0.716250845,110.267005168165,0.23,52.66268429,-0.0393112362710042,74125200,37.51038514,493.3478261,24.14010729,7.617384209,56.2499756474674,0.148624324324324,109.656037597656,36.4758740795395,54.9359061195116,110.911874172048,114.401527404785
"59",2021-12-23,15.0328932542585,2.88678214906464,3.025028924,107.85670000745,115.716696293819,0.716250845,110.33729834519,0.23,52.66268429,0.153674125644287,67612700,37.51038514,493.3478261,24.14010729,7.617384209,54.8884696132446,0.267641666666667,109.6865965271,54.7769899093722,78.554302442522,111.025793247964,113.81681060791
"60",2021-12-27,15.8255531817517,2.85438790139347,3.025028924,107.883975211447,116.264007576639,0.716250845,110.4439244413,0.23,52.66268429,0.455096446348264,73922600,37.51038514,493.3478261,24.14010729,7.617384209,58.41982712548,0.363628571428571,109.733119735718,75.3928604574803,92.6883728104072,111.209954932308,115.72191619873
"61",2021-12-28,16.6644160184806,2.77108889313775,3.025028924,107.833454494966,116.623061770903,0.716250845,110.536486814339,0.23,52.66268429,0.637917468222142,67601600,37.51038514,493.3478261,24.14010729,7.617384209,56.9000639065017,0.161758974358974,109.769116973877,86.1115878341461,87.0920882495089,111.363224318483,115.118324279785
"62",2021-12-29,17.0325074059669,2.72001264084652,3.025028924,108.071624233208,116.832181308784,0.716250845,110.6150769204,0.23,52.66268429,0.724980351640738,61753900,37.51038514,493.3478261,24.14010729,7.617384209,55.3258216493149,0.184905555555556,109.808431396484,86.8623364628337,80.8065483285849,111.486442469539,114.50528717041
"63",2021-12-30,17.0229268232237,2.61734430576013,3.025028924,108.073092347787,116.857776182487,0.716250845,110.673621666706,0.23,52.66268429,0.71044689241252,57566100,37.51038514,493.3478261,24.14010729,7.617384209,52.9241256098328,0.289208695652174,109.838315353394,74.1431062643681,54.5306822150105,111.568212827945,113.571586608887
"64",2021-12-31,17.0794879028601,2.53346157325335,3.025028924,108.086582439157,116.760473377493,0.716250845,110.728952613359,0.23,52.66268429,0.682687494486984,53677900,37.51038514,493.3478261,24.14010729,7.617384209,52.6506190404574,0.458836363636364,109.884560241699,54.63440631807,28.5659884106146,111.642707794404,113.467834472656
"65",2022-01-03,18.9968196943759,2.97765982769025,3.130582337,107.037627033236,118.748933025358,0.719892579,110.941745751778,0.28,55.63272044,1.29190749806702,72269900,31.55962353,352.8571429,35.97801687,8.939834434,66.87736835324,0.124113043478261,110.014337997437,39.9474104958008,36.7455608617773,112.028288120252,121.475006103516
"66",2022-01-04,21.5983952990107,3.21632268163478,3.130582337,105.493054574484,121.684692770486,0.719892579,111.236233355722,0.28,55.63272044,2.10057431607599,97824800,31.55962353,352.8571429,35.97801687,8.939834434,71.8181181503246,0.100886666666667,110.190212097168,41.9190780134577,60.445684767981,112.568879556751,125.813369750977
"67",2022-01-05,22.7564812648284,3.42581244585515,3.130582337,105.306198097543,122.366116355582,0.719892579,111.406485246845,0.28,55.63272044,2.23321657439118,79933600,31.55962353,352.8571429,35.97801687,8.939834434,58.7996407927716,0.271473333333333,110.308162689209,57.1472873084078,74.250616295465,112.853784431287,119.833953857422
"68",2022-01-06,23.1549336072051,3.4633767494486,3.130582337,105.065128332366,123.283575433503,0.719892579,111.599699008539,0.28,55.63272044,2.41777182418765,96182600,31.55962353,352.8571429,35.97801687,8.939834434,60.5139559092388,0.311261111111111,110.447549667358,65.4708045256719,61.7161125135696,113.179666618782,121.163780212402
"69",2022-01-07,23.0580475782261,3.56360463017666,3.130582337,105.269739208684,123.502643908992,0.719892579,111.696267541283,0.28,55.63272044,2.16089216033888,74934500,31.55962353,352.8571429,35.97801687,8.939834434,52.2597386242067,0.246068,110.572989120483,56.4804210719138,33.4745344067069,113.3089506695,116.476409912109
"70",2022-01-10,22.9522087968067,3.4848876530603,3.130582337,105.522842450872,123.850386003718,0.719892579,111.819124485275,0.28,55.63272044,2.04861368803718,86792200,31.55962353,352.8571429,35.97801687,8.939834434,54.2993561380863,-0.0469444444444445,110.718843383789,39.4911466871077,23.2827931410468,113.489013122182,117.900543212891
"71",2022-01-11,23.5618112556997,3.5418101118495,3.130582337,105.98827692915,124.632672625293,0.719892579,112.017239876086,0.28,55.63272044,2.25027865555089,98905300,31.55962353,352.8571429,35.97801687,8.939834434,59.4404406106966,-0.312047826086957,110.903276977539,29.2985533763132,31.1383325811861,113.815873459398,121.823951721191
"72",2022-01-12,24.6701808840478,3.54144795688195,3.130582337,106.349856927253,125.819620916985,0.719892579,112.268580282894,0.28,55.63272044,2.61285459574609,115294500,31.55962353,352.8571429,35.97801687,8.939834434,62.7591293508538,0.324622222222222,111.139020004272,38.664090652043,61.5711462338961,114.243091379419,124.709930419922
"73",2022-01-13,27.0031473245506,4.14875672853014,3.130582337,105.340735815132,128.647660638725,0.719892579,112.644927686114,0.28,55.63272044,3.39078732932757,167314500,31.55962353,352.8571429,35.97801687,8.939834434,68.9768611126701,0.280735714285714,111.413839416504,57.9799509359749,81.2303739928426,114.910975017305,131.274124145508
"74",2022-01-14,28.3796968330352,4.37720149609026,3.130582337,105.100342508751,131.160055593056,0.719892579,113.041276399651,0.28,55.63272044,4.07223443045498,195569800,31.55962353,352.8571429,35.97801687,8.939834434,70.1118894718375,0.1616,111.691765975952,74.9526286021897,82.0563655798303,115.607036299753,132.660537719727
"75",2022-01-18,28.9300424845279,4.56103672087317,3.130582337,106.074216109482,131.837598770889,0.719892579,113.302220247873,0.28,55.63272044,4.04586491339531,180378400,31.55962353,352.8571429,35.97801687,8.939834434,59.2628996010071,0.08476,111.859254760742,76.2100158711767,65.3433080408572,116.023189414855,126.218940734863
"76",2022-01-19,28.865285530602,4.56938492169804,3.130582337,107.64692023892,131.780502093843,0.719892579,113.505331105192,0.28,55.63272044,3.76693471900295,169223300,31.55962353,352.8571429,35.97801687,8.939834434,55.4479055906555,0.10792,111.990138626099,63.3665456549212,42.699963344076,116.318723890448,123.55931854248
"77",2022-01-20,28.172071454002,4.54951739471973,3.130582337,108.875149594074,131.579339541668,0.719892579,113.654368871055,0.28,55.63272044,3.30384130120136,157801400,31.55962353,352.8571429,35.97801687,8.939834434,52.0205764429217,0.227216279069767,112.09209854126,41.440739450937,16.2789469678779,116.503547984205,121.03173828125
"78",2022-01-21,26.7061182262219,4.49806015040194,3.130582337,109.264953281285,131.494166896938,0.719892579,113.729487068254,0.28,55.63272044,2.61747301702263,142227700,31.55962353,352.8571429,35.97801687,8.939834434,47.5340413047365,0.135374285714286,112.153542480469,20.4868322611372,2.48158647145757,116.540578958534,117.44783782959
"79",2022-01-24,25.0116693626884,4.57692642662371,3.130582337,109.896640651445,131.360450107832,0.719892579,113.829824283109,0.28,55.63272044,2.15747823147005,159311100,31.55962353,352.8571429,35.97801687,8.939834434,49.3059057333626,0.326912030075188,112.2282862854,10.286097269859,12.0977583702416,116.629047094217,118.796516418457
"80",2022-01-25,23.4382525608358,4.5369842387475,3.130582337,109.866929718009,131.369412139901,0.719892579,113.863182756415,0.28,55.63272044,1.51067772580625,147940600,31.55962353,352.8571429,35.97801687,8.939834434,45.2968042949742,0.247254545454545,112.2566456604,10.462132046153,16.8070512967597,116.585336509544,115.514427185059
"81",2022-01-26,21.8081910019632,4.53492502865294,3.130582337,110.005656081963,131.326884811592,0.719892579,113.907086357995,0.28,55.63272044,1.03185151119668,161532700,31.55962353,352.8571429,35.97801687,8.939834434,46.1104162016348,0.284853333333333,112.287577209473,17.6872662238323,24.1569890044956,116.565531730199,116.08031463623
"82",2022-01-27,21.3291277809741,4.75734298239056,3.130582337,109.044189234146,131.813957433335,0.719892579,113.82499246793,0.28,55.63272044,0.140866418871411,142932900,31.55962353,352.8571429,35.97801687,8.939834434,39.1145180859076,0.117539024390244,112.225573196411,18.2331524979619,13.7354171926304,116.298700874492,109.761344909668
"83",2022-01-28,21.1690949290336,4.78198451836508,3.130582337,108.539887204246,132.053241763039,0.719892579,113.767495777613,0.28,55.63272044,-0.466263366147089,156938800,31.55962353,352.8571429,35.97801687,8.939834434,40.8876588453241,0.355044827586207,112.168341522217,18.5984025598814,17.9028014825182,116.087826707136,110.921409606934
"84",2022-01-31,20.3386746610199,4.78802271551475,3.130582337,108.866797373483,131.945137288382,0.719892579,113.804889750699,0.28,55.63272044,-0.558941846753484,167127900,31.55962353,352.8571429,35.97801687,8.939834434,47.5953658446691,0.272869642857143,112.184739303589,21.4306053700076,32.6535974348743,116.070888068365,115.655891418457
"85",2022-02-01,19.4686915925173,4.6575514105792,3.130582337,108.454871764934,131.814764770711,0.719892579,113.849387475265,0.28,55.63272044,-0.593583097294513,174084200,31.55962353,352.8571429,35.97801687,8.939834434,48.1257632140212,0.103333333333333,112.197708740234,35.299416249107,55.3418498299285,116.07014833397,116.052024841309
"86",2022-02-02,18.1560268063442,4.58894518785968,3.130582337,108.250229970837,131.147017343616,0.719892579,113.913547674548,0.28,55.63272044,-0.531199439096497,182647100,31.55962353,352.8571429,35.97801687,8.939834434,49.5654606384528,0.0904173913043478,112.218340148926,53.7461687120813,73.2430588714411,116.110122028288,117.089477539062
"87",2022-02-03,17.4022500811515,4.59125952497176,3.130582337,107.546847991016,131.169461365673,0.719892579,113.895944240989,0.28,55.63272044,-0.800535585817087,172720300,31.55962353,352.8571429,35.97801687,8.939834434,44.369448772638,0.0137708333333333,112.192242507935,64.8739416969745,66.0369163895539,115.989120155797,113.024574279785
"88",2022-02-04,16.7023145506154,4.42768645612395,3.130582337,107.014657899938,130.999017789759,0.719892579,113.900726405375,0.28,55.63272044,-0.91365512612883,178463500,31.55962353,352.8571429,35.97801687,8.939834434,46.0373222264715,0.2896,112.182231063843,63.7564406259739,51.9893466169268,115.916505386648,114.13744354248
"89",2022-02-07,15.5588730080442,4.31891212348803,3.130582337,106.901336395702,131.000107085743,0.719892579,113.929505839518,0.28,55.63272044,-0.894815277246082,185026400,31.55962353,352.8571429,35.97801687,8.939834434,47.8771699441658,0.226484848484848,112.199259033203,52.369027297205,39.0808188851343,115.894449796175,115.35408782959
"90",2022-02-08,14.5549685421767,4.16199267961751,3.130582337,106.80685435571,130.97198170386,0.719892579,113.98386154555,0.28,55.63272044,-0.764527835197185,192062600,31.55962353,352.8571429,35.97801687,8.939834434,49.8745780592844,0.205168965517241,112.231491317749,45.1350868651112,44.3350950932724,115.92503878433,116.674468994141
"91",2022-02-09,13.7857810441636,4.05265965750057,3.130582337,106.709002572709,130.725591390914,0.719892579,114.070944104286,0.28,55.63272044,-0.517562344039277,203042300,31.55962353,352.8571429,35.97801687,8.939834434,52.4135434866584,0.244477142857143,112.309347229004,50.4362030210799,67.892695084833,116.021371803051,118.381530761719
"92",2022-02-10,13.7149552525829,4.05285950410163,3.130582337,106.668423876738,130.056938519503,0.719892579,114.141175206104,0.28,55.63272044,-0.37911188532965,192567400,31.55962353,352.8571429,35.97801687,8.939834434,51.1645814595992,0.131508450704225,112.408210830688,61.7076723204894,72.8952267833626,116.083969565524,117.617614746094
"93",2022-02-11,12.7428045187801,4.17632561673878,3.130582337,107.304340474733,127.706413156859,0.719892579,114.140915033686,0.28,55.63272044,-0.544689854650173,182721700,31.55962353,352.8571429,35.97801687,8.939834434,45.7961579843445,0.389868965517241,112.469736785889,65.1219983647969,54.5780732261949,116.007266308014,114.128036499023
"94",2022-02-14,12.3296334664796,4.11716738517806,3.130582337,108.879700001457,124.160854045174,0.719892579,114.117501703715,0.28,55.63272044,-0.761501910929141,174639900,31.55962353,352.8571429,35.97801687,8.939834434,44.1251685930276,0.262133928571429,112.511020584106,51.4704977285171,26.9381931759936,115.88770848692,112.958541870117
"95",2022-02-15,11.6141314732702,4.14913766986595,3.130582337,109.839198077892,122.323302685047,0.719892579,114.183262222412,0.28,55.63272044,-0.565322591993805,183888600,31.55962353,352.8571429,35.97801687,8.939834434,51.4351778752559,0.408780952380952,112.594097213745,36.5707772778693,28.1960654314193,115.948520228529,117.438407897949
"96",2022-02-16,10.94973676529,4.05150114500874,3.130582337,110.50320447948,120.960437640881,0.719892579,114.230538853982,0.28,55.63272044,-0.47439472532659,178139100,31.55962353,352.8571429,35.97801687,8.939834434,50.0688759610626,0.228461,112.67366317749,32.8558602993491,43.4333222906343,115.972920694732,116.570732116699
"97",2022-02-17,10.4360337009657,4.02820461190316,3.130582337,110.572062487988,120.083318523975,0.719892579,114.205164365731,0.28,55.63272044,-0.686651692589706,170162400,31.55962353,352.8571429,35.97801687,8.939834434,44.7282010689469,0.177165306122449,112.712222976685,38.7885577976716,44.7362856709612,115.854340557576,112.949127197266
"98",2022-02-18,10.2230202027398,3.89137670138333,3.130582337,110.280912277129,119.882155349824,0.719892579,114.171887922439,0.28,55.63272044,-0.878981918585865,161773400,31.55962353,352.8571429,35.97801687,8.939834434,44.1340662724165,0.25022,112.786456375122,39.7081077203214,30.9547151993685,115.723766574122,112.524703979492
"99",2022-02-22,10.5936805088804,3.8586347054429,3.130582337,109.734977521055,119.57455922211,0.719892579,114.094448707748,0.28,55.63272044,-1.20021492042211,151979900,31.55962353,352.8571429,35.97801687,8.939834434,41.0057297864727,0.146207058823529,112.840684661865,31.1989150651437,17.9057443251013,115.509548574375,110.261207580566
"100",2022-02-23,10.918333097448,3.83025235321134,3.130582337,108.923445777997,119.765513725177,0.719892579,113.999680511261,0.28,55.63272044,-1.51420265288583,143865200,31.55962353,352.8571429,35.97801687,8.939834434,39.7294496859331,0.16033064516129,112.885105667114,20.2095695753743,11.7682492016532,115.266376268915,109.308654785156
"101",2022-02-24,12.9968068285025,4.33272408914691,3.130582337,107.239614762802,120.393039808731,0.719892579,113.831711893609,0.28,55.63272044,-2.04539558976695,116326100,31.55962353,352.8571429,35.97801687,8.939834434,35.0529581444302,0.275108,112.892458190918,16.1484156999223,18.7712535730126,114.88405819248,105.517265319824
"102",2022-02-25,14.6516006581673,4.26845724626437,3.130582337,106.116006097147,121.030936041525,0.719892579,113.65492988742,0.28,55.63272044,-2.48716689452134,102067200,31.55962353,352.8571429,35.97801687,8.939834434,34.3489153065587,0.336447945205479,112.917537002563,19.6161248371626,28.3088717368222,114.49269201164,104.904220581055
"103",2022-02-28,16.7008674592864,4.38325882375255,3.130582337,103.84277749085,122.304446935419,0.719892579,113.402836869509,0.28,55.63272044,-3.12243215941426,75676400,31.55962353,352.8571429,35.97801687,8.939834434,30.1193623159428,0.122276923076923,112.900561523438,26.8379585477913,33.4337503335391,113.960595559533,100.92423248291
"104",2022-03-01,18.236407039107,4.34637050869078,3.130582337,102.045325219514,122.726818335174,0.719892579,113.175158569175,0.28,55.63272044,-3.50631937609676,96054300,31.55962353,352.8571429,35.97801687,8.939834434,32.330816682634,0.149295348837209,112.892643508911,29.8985626320726,27.9530658258564,113.487830349458,101.905082702637
"105",2022-03-02,19.6622652203691,4.17805853120422,3.130582337,100.849472639853,122.655105759805,0.719892579,112.981123217132,0.28,55.63272044,-3.64975974820128,109396700,31.55962353,352.8571429,35.97801687,8.939834434,35.6219061087947,0.313692307692308,112.885443572998,31.8548913425129,34.1778578681432,113.091302621676,103.376373291016
"106",2022-03-03,21.0216325178615,4.04130513841018,3.130582337,99.7223211009915,122.333609990317,0.719892579,112.775615914923,0.28,55.63272044,-3.78224234286942,98555000,31.55962353,352.8571429,35.97801687,8.939834434,34.6674765686536,0.143777777777778,112.877929840088,35.4251562743972,44.1445451291918,112.679996811241,102.603004455566
"107",2022-03-04,22.7729831529921,4.0881258028335,3.130582337,97.9373037729084,122.7246820059,0.719892579,112.504517008781,0.28,55.63272044,-4.12356563798092,76182900,31.55962353,352.8571429,35.97801687,8.939834434,30.6452270706391,0.3077,112.833170928955,40.0154165253245,41.7238465786384,112.146864432556,99.0851211547852
"108",2022-03-07,24.9088090643706,4.200314242864,3.130582337,95.0865251756686,123.526044251822,0.719892579,112.131027167603,0.28,55.63272044,-4.77809895740373,46760000,31.55962353,352.8571429,35.97801687,8.939834434,25.6814197230891,0.179937931034483,112.743949737549,36.0013738833075,22.1357299420924,111.421233671644,93.6432800292969
"109",2022-03-08,26.9356805555061,4.2027665861144,3.130582337,92.9108423426135,123.597607974769,0.719892579,111.778192901483,0.28,55.63272044,-5.18304197573289,72410000,31.55962353,352.8571429,35.97801687,8.939834434,27.2430973093675,0.045512,112.654098510742,24.7485848103302,10.3861779102598,110.750318497404,94.3128967285156
"110",2022-03-09,27.9842461406606,4.2879042022997,3.130582337,92.0298839825253,122.709257100238,0.719892579,111.524790599433,0.28,55.63272044,-5.06882466631251,86758400,31.55962353,352.8571429,35.97801687,8.939834434,37.1577913270502,0.152906666666667,112.586699676514,18.580530457119,23.2196835190046,110.288791366053,98.9813766479492
"111",2022-03-10,28.989118694163,4.1843981966691,3.130582337,91.3762900734324,121.329466304741,0.719892579,111.257917195797,0.28,55.63272044,-4.99605641373061,74947400,31.55962353,352.8571429,35.97801687,8.939834434,36.098281711249,0.0188736842105263,112.488361206055,24.9753761930124,41.3202671497728,109.808747928789,98.0476837158203
"112",2022-03-11,30.0850880922715,4.1590198134042,3.130582337,90.5221282705787,119.986136652517,0.719892579,110.948704977965,0.28,55.63272044,-5.07395967144934,56831000,31.55962353,352.8571429,35.97801687,8.939834434,33.4523741150646,0.067075,112.361464538574,38.305532548397,50.3766469764134,109.253216645123,95.6427001953125
"113",2022-03-14,31.3886262138626,4.04989916244132,3.130582337,89.2634384690009,119.197293800286,0.719892579,110.606210027133,0.28,55.63272044,-5.23591774480933,38871600,31.55962353,352.8571429,35.97801687,8.939834434,31.4013977887992,0.097555,112.199452362061,42.2415974391969,35.0278781914043,108.641432069272,93.6527099609375
"114",2022-03-15,32.7759256637716,4.06511637859412,3.130582337,88.6107987283254,118.18248358979,0.719892579,110.322602746564,0.28,55.63272044,-5.09323253701973,52287200,31.55962353,352.8571429,35.97801687,8.939834434,36.9095598635395,0.176511904761905,112.07662109375,40.0302161120928,34.6861231684606,108.156828551199,96.2840423583984
"115",2022-03-16,32.6746638631383,4.05837650314499,3.130582337,89.1799476034458,115.885497342843,0.719892579,110.121363765042,0.28,55.63272044,-4.61420366725815,72634300,31.55962353,352.8571429,35.97801687,8.939834434,44.0377377478656,0.251092307692308,111.985974960327,41.4163482613686,54.5350434242409,107.843228771924,100.160034179688
"116",2022-03-17,32.3533265720957,3.88898280932813,3.130582337,90.0473265079541,113.45286270103,0.719892579,109.939122398282,0.28,55.63272044,-4.12583418109155,80676300,31.55962353,352.8571429,35.97801687,8.939834434,45.3386467429032,0.248642,111.922258758545,57.9182917286195,84.5337085931568,107.571658025717,100.918174743652
"117",2022-03-18,31.8932237870132,3.75673462844,3.130582337,90.6451206696196,111.673771237119,0.719892579,109.764806195837,0.28,55.63272044,-3.67880178937516,90894500,31.55962353,352.8571429,35.97801687,8.939834434,45.7292786488914,0.226307692307692,111.866263809204,79.1540097390415,98.3932771997268,107.319285325681,101.136154174805
"118",2022-03-21,31.406014278154,3.62987141025401,3.130582337,91.4633812036506,109.735607138635,0.719892579,109.597694555027,0.28,55.63272044,-3.27152113021882,101260600,31.55962353,352.8571429,35.97801687,8.939834434,46.0899964108165,0.120381132075472,111.80709197998,93.5709736513554,97.7859351611826,107.084241522124,101.325668334961
"119",2022-03-22,30.6973968475808,3.48770045337797,3.130582337,92.14830613322,108.168501422932,0.719892579,109.436144162239,0.28,55.63272044,-2.90607171555033,111661800,31.55962353,352.8571429,35.97801687,8.939834434,46.3205824829669,0.178774193548387,111.753096313477,96.0508811164022,91.973430988297,106.862875176913,101.439399719238
"120",2022-03-23,30.2380745697918,3.43082240862658,3.130582337,92.8628511885905,106.506873085091,0.719892579,109.246078376065,0.28,55.63272044,-2.71439451141944,98756500,31.55962353,352.8571429,35.97801687,8.939834434,43.4989840108476,0.231572222222222,111.661857757568,85.0973594745949,65.5327122743048,106.587382893914,99.8378219604492
"121",2022-03-24,29.8115610261306,3.36379149007059,3.130582337,93.1217859507217,105.923546385704,0.719892579,109.108004466584,0.28,55.63272044,-2.33899997919002,109590500,31.55962353,352.8571429,35.97801687,8.939834434,48.6241644827912,0.160528571428571,111.616671066284,73.7682211577518,63.7985202106535,106.418204974438,102.273345947266
"122",2022-03-25,29.4155060308831,3.26838042968559,3.130582337,93.3711325063974,105.298340760204,0.719892579,108.950333682747,0.28,55.63272044,-2.10819243937473,102158400,31.55962353,352.8571429,35.97801687,8.939834434,46.5199769849476,0.192125,111.556262512207,61.0601533814896,53.8492276595103,106.211437323786,101.145629882812
"123",2022-03-28,29.3628041306694,3.1784299087159,3.130582337,93.37126322068,105.282443139183,0.719892579,108.78827882597,0.28,55.63272044,-1.93357425668893,94007200,31.55962353,352.8571429,35.97801687,8.939834434,45.8024775900791,0.2061,111.49215713501,60.566006356148,64.0502711982802,105.997912856795,100.766563415527
"124",2022-03-29,28.0802490919586,3.18357987973532,3.130582337,93.2721073489461,105.544468273612,0.719892579,108.684229251785,0.28,55.63272044,-1.55398385538093,108083400,31.55962353,352.8571429,35.97801687,8.939834434,51.6634470499137,0.219311111111111,111.45666305542,60.4587264945174,63.4766806257615,105.901280012591,103.53377532959
"125",2022-03-30,26.9724437182078,3.14774717539757,3.130582337,93.3758149441571,105.217686337581,0.719892579,108.534950056359,0.28,55.63272044,-1.42938207967879,92627100,31.55962353,352.8571429,35.97801687,8.939834434,46.9451646654999,0.2767525,111.361784210205,62.4319791125138,59.7689855134995,105.71478392907,101.145629882812
"126",2022-03-31,26.5990550477737,3.12327412373297,3.130582337,93.3818672468986,104.831819123951,0.719892579,108.342274913594,0.28,55.63272044,-1.50219880439364,79605500,31.55962353,352.8571429,35.97801687,8.939834434,42.8174918250146,0.253414285714286,111.243403549194,55.8061967217218,44.1729240259041,105.443806337604,98.8048553466797
"127",2022-04-01,26.7439961166368,3.15334823219126,3.257549462,93.250662004426,104.79568885617,0.731131238,108.125829193567,0.31,59.05936777,-1.653259500471,67520400,23.90754182,251.2258065,36.63932576,9.545965785,40.5333107296171,0.167880555555556,111.081881713867,40.2143985613693,16.7012861447041,105.128824365629,97.4117660522461
"128",2022-04-04,26.8785842520098,3.11629177662743,3.257549462,94.0882660696325,104.524470441598,0.731131238,107.951201616182,0.31,59.05936777,-1.60157368817535,76597600,23.90754182,251.2258065,36.63932576,9.545965785,44.8445081691379,0.260390322580645,110.931142196655,25.081536409836,14.3703990588998,104.9005228821,99.3071365356445
"129",2022-04-05,27.2933943973526,3.07511309012031,3.257549462,94.6409946704052,104.254146168218,0.731131238,107.737057821851,0.31,59.05936777,-1.71594864485822,64306600,23.90754182,251.2258065,36.63932576,9.545965785,41.1645945049603,0.390202564102564,110.792325592041,15.6070783505739,15.7495498481177,104.596068651525,97.1369400024414
"130",2022-04-06,28.2130716836277,3.04364405370224,3.257549462,94.2429656149228,104.342637717597,0.731131238,107.502383440961,0.31,59.05936777,-1.88579364241697,49404000,23.90754182,251.2258065,36.63932576,9.545965785,39.1693493299929,0.219484615384615,110.641093521118,16.6196009993672,19.738854091084,104.25449739409,95.8860015869141
"131",2022-04-07,29.0819906315692,2.93319319410597,3.257549462,93.8275690192096,104.479318798173,0.731131238,107.259970473109,0.31,59.05936777,-2.04726784295229,36973000,23.90754182,251.2258065,36.63932576,9.545965785,38.173057183626,0.154294117647059,110.478910369873,16.1465410385834,12.9512191765484,103.901792734104,95.2605285644531
"132",2022-04-08,30.0068127216133,2.83063117085425,3.257549462,93.5088544461482,104.643252792621,0.731131238,106.999275897586,0.31,59.05936777,-2.24343334187839,25176800,23.90754182,251.2258065,36.63932576,9.545965785,36.3190427602206,0.333693333333333,110.310424728394,14.9072583729319,12.0317018511631,103.517208486068,94.0948944091797
"133",2022-04-11,31.3236706669664,2.7895481048646,3.257549462,93.1995701705003,104.833755024812,0.731131238,106.711466266473,0.31,59.05936777,-2.50158694745079,12696300,23.90754182,251.2258065,36.63932576,9.545965785,33.8436469813549,0.267988,110.126014709473,11.1084843397066,8.34253199140818,103.083784213138,92.4648895263672
"134",2022-04-12,31.6228450524242,2.77373789389103,3.257549462,92.408560095867,105.230530632893,0.731131238,106.426916393728,0.31,59.05936777,-2.68516320124138,-595200,23.90754182,251.2258065,36.63932576,9.545965785,33.6569391361229,0.441183333333333,109.931168365479,9.16386276701667,7.11735445847864,102.662525918226,92.3416976928711
"135",2022-04-13,30.943706622374,2.89917868673789,3.257549462,92.1427868996556,105.099228176028,0.731131238,106.224190874029,0.31,59.05936777,-2.49146114488217,15181600,23.90754182,251.2258065,36.63932576,9.545965785,44.0405673784537,0.311343333333333,109.734128494263,16.837420708556,35.0523756757811,102.40867304492,96.1892776489258
"136",2022-04-14,29.3975663645936,3.10974939473244,3.257549462,91.4411886096092,105.030365192881,0.731131238,105.966554658934,0.31,59.05936777,-2.54868658010577,-2646900,23.90754182,251.2258065,36.63932576,9.545965785,38.9615643762913,-0.0151129032258065,109.499159851074,26.9097681490304,38.5595743128315,102.048080455383,93.2135620117188
"137",2022-04-18,28.2267930247353,3.04805238420671,3.257549462,90.9156934119654,104.802456154685,0.731131238,105.721714206606,0.31,59.05936777,-2.5334810354756,7630500,23.90754182,251.2258065,36.63932576,9.545965785,39.9356172539271,0.0764173913043478,109.263474655151,38.9874064277401,43.3502692946077,101.716865998952,93.6021118164062
"138",2022-04-19,27.1396463520098,2.94811698280168,3.257549462,90.5829749445478,104.427259888216,0.731131238,105.494482657883,0.31,59.05936777,-2.44129042024358,17733500,23.90754182,251.2258065,36.63932576,9.545965785,41.6001434201866,0.165052380952381,109.066073760986,35.3121973440819,24.0267484248065,101.423911292958,94.2465209960938
"139",2022-04-20,25.4945301274183,2.87968870907062,3.257549462,90.2731131355133,103.976136132065,0.731131238,105.263493774903,0.31,59.05936777,-2.37450344911572,9136600,23.90754182,251.2258065,36.63932576,9.545965785,40.8120156259406,0.14592,108.870608062744,30.779232634344,24.9606801836177,101.126092970386,93.8295440673828
"140",2022-04-21,24.4831939203317,2.89331617724583,3.257549462,89.7513267513879,103.769159698807,0.731131238,105.011745260284,0.31,59.05936777,-2.39717403887272,-3901900,23.90754182,251.2258065,36.63932576,9.545965785,38.4077481216342,0.354897777777778,108.696349487305,22.31826978715,17.9673807530256,100.789783198474,92.5501937866211
"141",2022-04-22,24.1803407689032,2.85114047826226,3.257549462,89.1724426726478,103.188086654745,0.731131238,104.72782505155,0.31,59.05936777,-2.53730352580834,-15552000,23.90754182,251.2258065,36.63932576,9.545965785,35.1381203030613,0.258148837209302,108.482757339478,17.7655501503415,10.3685895143809,100.393076983602,90.6737747192383
"142",2022-04-25,24.1601797025017,2.77136269137855,3.257549462,88.7447612249755,102.621652654419,0.731131238,104.460035949595,0.31,59.05936777,-2.57584134821128,-4897600,23.90754182,251.2258065,36.63932576,9.545965785,36.7774119938772,0.11755,108.294478149414,13.50400151711,12.1760342839235,100.032739666709,91.204475402832
"143",2022-04-26,24.5953521596713,2.80829710764029,3.257549462,87.7339458005344,102.347414825686,0.731131238,104.132431888886,0.31,59.05936777,-2.83900653995251,-19073600,23.90754182,251.2258065,36.63932576,9.545965785,31.4699351240106,0.197293023255814,108.040628890991,11.1817641741314,11.0006687240897,99.5575746163984,87.9160308837891
"144",2022-04-27,25.5977620132037,2.78031660531239,3.257549462,86.8069854161493,101.474734554554,0.731131238,103.764212817313,0.31,59.05936777,-3.20258756739275,-34919900,23.90754182,251.2258065,36.63932576,9.545965785,28.2896804076734,0.2102375,107.752942962646,10.8046533979787,9.2372571859228,99.0077626225951,85.5373687744141
"145",2022-04-28,25.0321348162704,2.98380864378482,3.257549462,86.8257406705129,100.3652017123,0.731131238,103.496364127938,0.31,59.05936777,-3.07598029061417,-19743700,23.90754182,251.2258065,36.63932576,9.545965785,40.9821002466867,0.211142647058824,107.534521865845,14.1275130467802,22.1446132303279,98.6638446375484,90.2378540039062
"146",2022-04-29,24.5069095619752,2.96156876441215,3.257549462,86.3236172623581,99.7936068587357,0.731131238,103.190845486385,0.31,59.05936777,-3.11485252254302,-30373000,23.90754182,251.2258065,36.63932576,9.545965785,37.6672445610439,0.146809230769231,107.296183624268,22.8110055125516,37.051146121404,98.2483084842913,88.0676727294922
"147",2022-05-02,24.4365486171347,2.95513251639127,3.257549462,85.9694132872615,99.2920575074163,0.731131238,102.906952165626,0.31,59.05936777,-3.04706554832545,-22121100,23.90754182,251.2258065,36.63932576,9.545965785,39.5749358452015,0.249582222222222,107.03584312439,38.6171548473216,56.6557051902329,97.87991335895,88.8542327880859
"148",2022-05-03,24.3712134540684,2.84829620843478,3.257549462,85.9879032063213,98.215958030251,0.731131238,102.626241052537,0.31,59.05936777,-2.9690589706467,-31633000,23.90754182,251.2258065,36.63932576,9.545965785,39.3716951848328,0.352853846153846,106.779154663086,49.1178599628607,53.646728576945,97.521134048975,88.7310409545898
"149",2022-05-04,23.4456747423922,2.92576526576911,3.257549462,86.1200310594189,97.4668921583546,0.731131238,102.395376077525,0.31,59.05936777,-2.69569551531788,-22550500,23.90754182,251.2258065,36.63932576,9.545965785,44.9037647347127,0.223537037037037,106.56643409729,60.3215543423703,70.6622292599327,97.2641311378173,90.9675598144531
"150",2022-05-05,22.8095514632483,3.03966893266206,3.257549462,85.7005232978339,97.0306481194025,0.731131238,102.097021770674,0.31,59.05936777,-2.74109837071614,-34067700,23.90754182,251.2258065,36.63932576,9.545965785,38.7138847208501,0.123290322580645,106.320798034668,60.5435160767692,57.3215903934296,96.8744979003164,87.328483581543
"151",2022-05-06,22.5182757071278,2.99922394050568,3.257549462,85.2475885029498,96.6410993937787,0.731131238,101.794817247678,0.31,59.05936777,-2.78474372106476,-42012600,23.90754182,251.2258065,36.63932576,9.545965785,37.9509665997732,0.220179487179487,106.095687561035,58.0379052666217,46.1298961465026,96.4808192908677,86.835693359375
"152",2022-05-09,23.1385609326336,3.09772808044619,3.257549462,83.8444071410433,96.9080151917204,0.731131238,101.41734044613,0.31,59.05936777,-3.1145449318261,-53441200,23.90754182,251.2258065,36.63932576,9.545965785,32.2515098548964,0.0978756756756757,105.830763473511,39.5754375304354,15.2748260513739,95.9416592704231,82.7322387695312
"153",2022-05-10,23.6672741580876,3.07885855848809,3.257549462,82.9758279642235,96.9473760763039,0.731131238,101.075862548267,0.31,59.05936777,-3.22253368928145,-41750800,23.90754182,251.2258065,36.63932576,9.545965785,35.8912196029964,0.0688222222222222,105.541641159058,25.6490293527237,15.5423658602946,95.4801317148772,84.1727066040039
"154",2022-05-11,24.2351580012592,3.04644459857108,3.257549462,82.0303192764456,96.9821654647653,0.731131238,100.722568333444,0.31,59.05936777,-3.34525855214017,-53282100,23.90754182,251.2258065,36.63932576,9.545965785,34.5878484437344,0.170372222222222,105.274580993652,14.0840565221215,11.4349776546959,94.9999110476157,83.234504699707
"155",2022-05-12,25.3577398372594,3.0197307230413,3.257549462,81.5411056037792,96.1626358512989,0.731131238,100.373643114714,0.31,59.05936777,-3.41387046272891,-64875000,23.90754182,251.2258065,36.63932576,9.545965785,34.3976370277742,0.241245714285714,105.008551712036,15.8604127851952,20.6038948405951,94.5333202138895,83.1018447875977
"156",2022-05-13,24.936408487079,3.05246116867291,3.257549462,81.3909317454246,95.6115264454934,0.731131238,100.092991357395,0.31,59.05936777,-3.18151725831422,-53694400,23.90754182,251.2258065,36.63932576,9.545965785,42.3704026289482,0.21164,104.786526565552,25.6944658982306,45.0445251994007,94.2065519455062,86.2007293701172
"157",2022-05-16,24.5408911677589,2.96101106427703,3.257549462,81.2994227039479,94.9107777965404,0.731131238,99.8075763782807,0.31,59.05936777,-3.00479430839091,-60423500,23.90754182,251.2258065,36.63932576,9.545965785,41.4578141436782,0.081525,104.535711212158,44.9888021769462,69.3179864908427,93.8721591206671,85.6795349121094
"158",2022-05-17,23.2992748811749,2.9579982750758,3.257549462,81.6131513542386,94.0161233955173,0.731131238,99.5824216675973,0.31,59.05936777,-2.61210374255343,-52754700,23.90754182,251.2258065,36.63932576,9.545965785,47.8572637701266,0.194881818181818,104.276068572998,68.6927898367777,91.7158578200897,93.6590259586319,88.4372634887695
"159",2022-05-18,22.77192024183,2.94640213668728,3.257549462,81.8097871815364,93.0158567393621,0.731131238,99.3093684816807,0.31,59.05936777,-2.48559221920125,-62365600,23.90754182,251.2258065,36.63932576,9.545965785,43.0035198345069,0.20485,103.995832824707,80.934001344383,81.7681597222165,93.3505635986389,85.7932357788086
"160",2022-05-19,22.5195743861758,2.9078806858796,3.257549462,81.9259562623723,92.1936673033016,0.731131238,99.0357174272786,0.31,59.05936777,-2.38233819482942,-70104600,23.90754182,251.2258065,36.63932576,9.545965785,42.4714856241254,0.215104347826087,103.693513565063,80.0301951207284,66.6065678198788,93.0423058196481,85.489990234375
"161",2022-05-20,21.8844161811068,2.98515498693633,3.257549462,81.9551841435092,91.7000770869595,0.731131238,98.7781814656926,0.31,59.05936777,-2.23120223699374,-59634700,23.90754182,251.2258065,36.63932576,9.545965785,43.8051473202648,0.314078571428571,103.402631835937,65.431999126506,47.9212698374226,92.767319370532,86.0301513671875
"162",2022-05-23,21.2946264192571,2.8572207529338,3.257549462,82.1634084843924,91.0426545954416,0.731131238,98.5392569593717,0.31,59.05936777,-2.03293218521853,-52714200,23.90754182,251.2258065,36.63932576,9.545965785,45.5232054642161,0.1456,103.124703903198,53.465216125548,45.8678107193427,92.5298752342949,86.7124938964844
"163",2022-05-24,21.4260332948082,2.85485494460646,3.257549462,81.8841660494881,90.9380873684806,0.731131238,98.2528941337432,0.31,59.05936777,-2.06458938379026,-61502800,23.90754182,251.2258065,36.63932576,9.545965785,40.3887749958717,0.197864516129032,102.829767379761,42.7505876189437,34.4626823000657,92.1984265688377,84.0779342651367
"164",2022-05-25,21.0320135451385,2.79985894964258,3.257549462,81.8963410071242,90.9401290246141,0.731131238,98.0039167234139,0.31,59.05936777,-1.93810093352482,-52389300,23.90754182,251.2258065,36.63932576,9.545965785,44.4877841767716,0.0879961538461538,102.551884384155,38.2609944147893,34.4524902249595,91.9427837587699,85.6795349121094
"165",2022-05-26,20.461163954045,2.75758975189862,3.257549462,82.0498047785716,90.3867445988698,0.731131238,97.7709410944539,0.31,59.05936777,-1.77231210468071,-42626600,23.90754182,251.2258065,36.63932576,9.545965785,45.886677922649,0.171542857142857,102.199520797729,34.1860145130129,33.6428710140134,91.719092139247,86.2386474609375
"166",2022-05-27,19.0917265475257,2.75150872902752,3.257549462,82.0053810079618,90.5107727090792,0.731131238,97.5945604019992,0.31,59.05936777,-1.41281609625258,-36347600,23.90754182,251.2258065,36.63932576,9.545965785,52.0023257823541,0.225492105263158,101.830024261475,44.4472087030236,65.246264870098,91.6071166092957,88.8637161254883
"167",2022-05-31,18.6730896885042,2.72555452398614,3.257549462,81.8582776144511,90.8038195535176,0.731131238,97.4503843009173,0.31,59.05936777,-0.999393590511147,-26725900,23.90754182,251.2258065,36.63932576,9.545965785,55.0257533215995,0.443007692307692,101.534821395874,59.761129046006,80.3942512539065,91.556393106867,90.3136672973633
"168",2022-06-01,18.0043012426131,2.70213080722156,3.257549462,81.775576877286,90.9926589015226,0.731131238,97.2987415833345,0.31,59.05936777,-0.705678385729257,-32878300,23.90754182,251.2258065,36.63932576,9.545965785,53.7158152048883,0.260990909090909,101.22110786438,77.9158073163771,88.1069058251267,91.4872179678914,89.7924270629883
"169",2022-06-02,17.2943952193864,2.69527237199524,3.257549462,81.7244174734794,91.0769855721749,0.731131238,97.1799394229301,0.31,59.05936777,-0.347316714459325,-26543300,23.90754182,251.2258065,36.63932576,9.545965785,56.9093506920509,0.224566666666667,100.969336090088,85.5953638258707,88.2849343985788,91.4798459880882,91.2992324829102
"170",2022-06-03,16.3238208706419,2.73560942801793,3.257549462,81.693615807411,91.2613104926379,0.731131238,97.0152617338718,0.31,59.05936777,-0.256877203207878,-35680400,23.90754182,251.2258065,36.63932576,9.545965785,50.8071997342347,0.0622275862068965,100.678967819214,82.1181428411572,69.962588299766,91.3772526601431,88.8637161254883
"171",2022-06-06,15.7991652227629,2.7209442643094,3.257549462,81.7040455681753,91.3911364691782,0.731131238,96.8414595358233,0.31,59.05936777,-0.232987335968218,-45120600,23.90754182,251.2258065,36.63932576,9.545965785,49.3439117387349,0.276388888888889,100.343110809326,68.1646686204164,46.2464831629045,91.2541545453305,88.2382507324219
"172",2022-06-07,14.8193411587481,2.66806607241122,3.257549462,82.2423280558814,91.4726347126733,0.731131238,96.6847978832633,0.31,59.05936777,-0.156429123403626,-37760400,23.90754182,251.2258065,36.63932576,9.545965785,51.0240553620111,0.35922,99.9853119659424,48.0862262492415,28.0496072850538,91.1630130369467,88.930046081543
"173",2022-06-08,14.3443688894429,2.59865733057856,3.257549462,82.5770548174269,91.5785794904344,0.731131238,96.5242953904674,0.31,59.05936777,-0.12263496219667,-44206700,23.90754182,251.2258065,36.63932576,9.545965785,50.1167644244389,3.75000000000028e-05,99.558364944458,34.6335881409377,29.6046739748546,91.0616957412652,88.5794219970703
"174",2022-06-09,13.7230899959699,2.59580511220218,3.257549462,83.0479873785087,91.3938461175851,0.731131238,96.3178043249538,0.31,59.05936777,-0.292828630118024,-52293400,23.90754182,251.2258065,36.63932576,9.545965785,44.1321849090614,0.21363,99.092724533081,28.4416126758873,27.6705567677533,90.8669820487463,86.0964965820312
"175",2022-06-10,13.9086195622902,2.56066450850448,3.257549462,83.2634825280488,91.2721711584747,0.731131238,96.0746804114279,0.31,59.05936777,-0.586881453712692,-62753800,23.90754182,251.2258065,36.63932576,9.545965785,39.884132128437,-0.03696,98.6709355926514,23.3956654004854,12.9117654588482,90.5992590935756,84.0400466918945
"176",2022-06-13,15.088167559316,2.6255104333753,3.257549462,82.1930436434354,91.8299185452853,0.731131238,95.7776335595598,0.31,59.05936777,-1.04719913196972,-77357500,23.90754182,251.2258065,36.63932576,9.545965785,34.6962642903381,0.146896,98.2460805511475,14.3192833599823,2.37552785334528,90.225712242537,81.0738143920898
"177",2022-06-14,15.7163724294491,2.59569372223248,3.257549462,81.7001845823042,92.0176239504106,0.731131238,95.5172447435695,0.31,59.05936777,-1.27193250551358,-66907900,23.90754182,251.2258065,36.63932576,9.545965785,39.1615460942314,0.139995238095238,97.8620431518555,8.20341704203134,9.32295781390044,89.9277626782042,82.6279983520508
"178",2022-06-15,15.5007512806927,2.5876380511205,3.257549462,81.4544841469287,91.8662472068311,0.731131238,95.2984179506121,0.31,59.05936777,-1.28685026614551,-55165400,23.90754182,251.2258065,36.63932576,9.545965785,44.0363918327737,0.245311538461538,97.5322296905518,12.3119621090946,25.237400660038,89.7135951888322,84.4664916992188
"179",2022-06-16,16.1044570616027,2.72079393857258,3.257549462,80.5473631602502,92.2460030812049,0.731131238,95.0057677863576,0.31,59.05936777,-1.59872599356999,-65670600,23.90754182,251.2258065,36.63932576,9.545965785,37.1536201397265,0.138011764705882,97.1494603729248,20.2798578869705,26.2792151869729,89.3530457561628,80.5195846557617
"180",2022-06-17,16.6753470230497,2.63873045778161,3.257549462,79.8685399122146,92.4735133104416,0.731131238,94.7279676330909,0.31,59.05936777,-1.78837616488039,-55935100,23.90754182,251.2258065,36.63932576,9.545965785,38.3557457626237,-0.0570769230769231,96.8040847015381,25.6636694894658,25.4743926213864,89.0245678851911,80.9768600463867
"181",2022-06-21,16.3285000559251,2.6373818498766,3.257549462,79.5427363509243,92.4797589188511,0.731131238,94.4924548450768,0.31,59.05936777,-1.76838859301446,-46331100,23.90754182,251.2258065,36.63932576,9.545965785,43.1161492842982,0.29200243902439,96.4716272735596,26.5423984657828,27.873587588989,88.7818229421789,82.8345718383789
"182",2022-06-22,16.4286754403374,2.61231205495045,3.257549462,78.8902796657638,92.550079068367,0.731131238,94.2231216509176,0.31,59.05936777,-1.88760875175613,-54199800,23.90754182,251.2258065,36.63932576,9.545965785,39.6651966650702,0.184761764705882,96.1829251098633,28.1115425614275,30.9866474739072,88.4723839460166,80.8911285400391
"183",2022-06-23,17.0025604599638,2.57202117107588,3.257549462,78.2993639298546,92.7470533064736,0.731131238,93.9442186338125,0.31,59.05936777,-2.01954085354806,-64570100,23.90754182,251.2258065,36.63932576,9.545965785,38.3839548272663,0.129361904761905,95.875096206665,30.8125082941306,33.5772898194956,88.1455657240986,80.1385192871094
"184",2022-06-24,16.6241226681426,2.55366137917921,3.257549462,77.9341774381878,92.7296180330036,0.731131238,93.7047948442468,0.31,59.05936777,-1.96309874903773,-53900000,23.90754182,251.2258065,36.63932576,9.545965785,42.9089451886697,0.136305263157895,95.5370704650879,33.5650701441839,36.1312731391489,87.8988108823984,81.8533172607422
"185",2022-06-27,16.1054463364436,2.46788473143613,3.257549462,77.5689016266673,92.6506456450612,0.731131238,93.4689804011193,0.31,59.05936777,-1.90106534877459,-61258000,23.90754182,251.2258065,36.63932576,9.545965785,42.7961397526902,0.229546666666667,95.1945118713379,40.2034399637293,50.9017569325432,87.6594914543164,81.7961654663086
"186",2022-06-28,16.0029941898736,2.45968534589553,3.257549462,77.0776858452017,92.2902989265268,0.731131238,93.2091608115028,0.31,59.05936777,-1.94631502135439,-69547200,23.90754182,251.2258065,36.63932576,9.545965785,39.9316632723309,0.249876666666667,94.8270980072022,47.090402371572,54.2381770430238,87.3727698727938,80.3480911254883
"187",2022-06-29,16.2056727152046,2.37109462039292,3.257549462,76.7113921902538,91.5943023898243,0.731131238,92.9414698128762,0.31,59.05936777,-2.01202305760408,-77528500,23.90754182,251.2258065,36.63932576,9.545965785,38.6664903593312,0.278957692307692,94.4937599182129,48.4220464642989,40.1262054173297,87.0715147946787,79.6907653808594
"188",2022-06-30,17.2244888474573,2.44193887923634,3.257549462,76.1098883499851,91.0046334395657,0.731131238,92.6432367305958,0.31,59.05936777,-2.18496742223741,-91730100,23.90754182,251.2258065,36.63932576,9.545965785,35.3455174380663,0.1227875,94.1311924743652,40.5599267553783,27.3153978057815,86.7110906520526,77.8806991577148
"189",2022-07-01,18.9613739899364,2.6465407727712,3.341548074,74.845277859392,90.4748728974439,0.687060697,92.2613017885199,0.36,60.42521632,-2.65654801095506,-111261800,19.6555604,182.4444444,35.93897029,10.69676719,28.7073342072178,0.191316666666667,93.711206817627,28.2873108225578,17.420329244562,86.1873428678844,73.3555221557617
"190",2022-07-05,20.9750740460499,2.6793393343238,3.341548074,73.3975540709307,90.2869880128096,0.687060697,91.8701399589359,0.36,60.42521632,-3.06338409975275,-133514900,19.6555604,182.4444444,35.93897029,10.69676719,27.6591357003943,0.208171428571429,93.2695384216309,20.4011929011428,16.4678516530848,85.6508835159882,72.5076293945312
"191",2022-07-06,22.7785438407253,2.65943869597997,3.341548074,72.0893085610954,89.9697765219124,0.687060697,91.4763486869787,0.36,60.42521632,-3.38901643811315,-145045400,19.6555604,182.4444444,35.93897029,10.69676719,27.002997762434,0.240186842105263,92.8055599212646,16.0133077398028,14.1517423217613,85.1149147790905,71.9836807250977
"192",2022-07-07,22.6312521235312,2.83693595916189,3.341548074,72.0878110316157,88.7615450474858,0.687060697,91.1863765554045,0.36,60.42521632,-3.21869939654601,-129197600,19.6555604,182.4444444,35.93897029,10.69676719,40.9617056186444,0.264229545454545,92.3977113342285,23.1356933331366,38.7874860245637,84.7901242403999,76.8327560424805
"193",2022-07-08,22.0966026767367,2.79761246929323,3.341548074,72.3585491994149,87.3980700632805,0.687060697,90.918370164862,0.36,60.42521632,-2.98322269525852,-119193400,19.6555604,182.4444444,35.93897029,10.69676719,42.946829055703,0.280088679245283,92.0329515075684,38.8141417226553,63.5031968216408,84.5101999106983,77.6520538330078
"194",2022-07-11,21.8272340810814,2.78083174700536,3.341548074,72.1490665389027,86.5344677018199,0.687060697,90.6103954360985,0.36,60.42521632,-2.9471270415394,-128713000,19.6555604,182.4444444,35.93897029,10.69676719,39.0052247022128,0.4291,91.6570225524902,60.490541383353,79.1809413038545,84.151589967624,75.3656463623047
"195",2022-07-12,21.1597895734493,2.75572300615386,3.341548074,71.8546905482417,85.960452274024,0.687060697,90.3083308236475,0.36,60.42521632,-2.8860204176093,-139076700,19.6555604,182.4444444,35.93897029,10.69676719,38.9891895268791,0.25466875,91.236199798584,71.9548913309567,73.1805358673746,83.8066700672201,75.3561325073242
"196",2022-07-13,20.4561720390904,2.75078039059024,3.341548074,71.7187188036757,85.7332892529649,0.687060697,90.0535612377503,0.36,60.42521632,-2.63882451547356,-124370200,19.6555604,182.4444444,35.93897029,10.69676719,44.3883784806437,0.151512195121951,90.8449171447754,73.5078783965919,68.1621580185466,83.5570934659895,77.4424667358398
"197",2022-07-14,19.0236431960348,2.79450468499587,3.341548074,71.7855858334884,85.3746039858475,0.687060697,89.8487345989633,0.36,60.42521632,-2.23420927342848,-100993200,19.6555604,182.4444444,35.93897029,10.69676719,49.6076028914912,0.184716279069767,90.5125240325928,73.0721814060783,77.8738503323136,83.4062198390489,79.7098159790039
"198",2022-07-15,18.2342453598882,2.75616976100765,3.341548074,72.0365393345359,84.8347047145363,0.687060697,89.684938547431,0.36,60.42521632,-1.7427900906698,-86932200,19.6555604,182.4444444,35.93897029,10.69676719,53.4796832996659,0.420833333333333,90.2030473327637,78.0629192022148,88.152749255784,83.3344870609129,81.577033996582
"199",2022-07-18,17.2988969580396,2.74370992953302,3.341548074,72.0383554019145,84.7433378659078,0.687060697,89.48571356319,0.36,60.42521632,-1.49370565953491,-98284700,19.6555604,182.4444444,35.93897029,10.69676719,49.2197651378733,0.112092857142857,89.8966760253906,83.3882160578431,84.1380485854316,83.1889807778678,79.6240768432617
"200",2022-07-19,16.5525549698102,2.74438908219195,3.341548074,71.9868737666266,84.9043776066645,0.687060697,89.3389160886927,0.36,60.42521632,-1.0862206440962,-87611600,19.6555604,182.4444444,35.93897029,10.69676719,54.1505346689113,0.0232571428571429,89.6243138885498,85.7941670652302,85.0917033544747,83.1451949081896,82.0724411010742
"201",2022-07-20,15.951019484014,2.65995961986454,3.341548074,72.0169447142606,84.8371522706026,0.687060697,89.2027598880077,0.36,60.42521632,-0.72342949393439,-75946800,19.6555604,182.4444444,35.93897029,10.69676719,54.9028422586222,0.241995,89.3937715148926,85.0664646738992,85.9696420817911,83.1184432629313,82.4630279541016
"202",2022-07-21,15.7377117342641,2.56522952425639,3.341548074,71.8393539016863,85.2891128951887,0.687060697,89.0925037844859,0.36,60.42521632,-0.337470382709995,-68811800,19.6555604,182.4444444,35.93897029,10.69676719,57.1732127829782,0.267911111111111,89.1810775756836,89.5206816865504,97.5006996233852,83.1386935922342,83.6348266601562
"203",2022-07-22,15.2865763409869,2.51741463668073,3.341548074,71.7858291030984,85.5522247909446,0.687060697,88.9566995562543,0.36,60.42521632,-0.142950673652237,-77423900,19.6555604,182.4444444,35.93897029,10.69676719,53.6940948210381,0.13259375,88.9941791534424,90.4146125345659,87.7734958985213,83.1032307164128,82.2343902587891
"204",2022-07-25,14.7935773024108,2.41041041725546,3.341548074,71.7687158381484,85.6055402958848,0.687060697,88.8232072810937,0.36,60.42521632,0.00956016947438343,-83384800,19.6555604,182.4444444,35.93897029,10.69676719,53.6462708094725,0.145883333333333,88.7972817230225,86.2101676616738,73.3563074631148,83.0684114593239,82.2153396606445
"205",2022-07-26,13.8855587946608,2.40495623598353,3.341548074,71.7982753757295,85.4387950893584,0.687060697,88.6568924592276,0.36,60.42521632,-0.0139344845545963,-90362500,19.6555604,182.4444444,35.93897029,10.69676719,49.20874484604,0.46679375,88.5677610778809,68.6793764859662,44.9083260962625,82.9647211580506,80.4243087768555
"206",2022-07-27,13.7385171154301,2.46998076606963,3.341548074,71.6653385880256,85.8851611373162,0.687060697,88.5544269397978,0.36,60.42521632,0.211765819471211,-80963000,19.6555604,182.4444444,35.93897029,10.69676719,55.9142210051503,0.161626315789474,88.3765548706055,57.3623271988875,53.822348037285,82.9850216509908,83.4823837280273
"207",2022-07-28,13.839127715948,2.44121767086912,3.341548074,71.4932970532983,86.5297269335181,0.687060697,88.4724780498138,0.36,60.42521632,0.46066040585697,-70294800,19.6555604,182.4444444,35.93897029,10.69676719,57.7482009118202,0.237365384615385,88.2298637390137,55.9717618490869,69.1846114137131,83.0411387625444,84.4160079956055
"208",2022-07-29,14.1274669379527,2.36347270672188,3.341548074,71.4941146599477,87.1700546515757,0.687060697,88.3896993241697,0.36,60.42521632,0.640533377622461,-80661000,19.6555604,182.4444444,35.93897029,10.69676719,57.407016486732,0.0045,88.1363524627686,72.0583470343472,93.1680816520434,83.0901981210636,84.2921524047852
"209",2022-08-01,13.2731463484099,2.47909203576585,3.341548074,72.3474364323289,87.2036675410598,0.687060697,88.2676234716993,0.36,60.42521632,0.609248454758159,-100763600,19.6555604,182.4444444,35.93897029,10.69676719,51.8957470819984,0.22161,88.0154721832275,79.9027634203976,77.3555971954361,83.0562636368813,82.2248687744141
"210",2022-08-02,12.4001994005076,2.52929395668173,3.341548074,73.5643402640683,86.9337195809024,0.687060697,88.143060395237,0.36,60.42521632,0.558036471281056,-116305200,19.6555604,182.4444444,35.93897029,10.69676719,51.2607837772709,0.16904375,87.8454302978516,75.683262973419,56.5261100727775,83.0139469495664,81.9771881103516
"211",2022-08-03,11.5896058060269,2.49901564752642,3.341548074,75.2143311284394,86.3269004084258,0.687060697,88.0296413308569,0.36,60.42521632,0.546510618295386,-95525800,19.6555604,182.4444444,35.93897029,10.69676719,52.3711377939805,0.281153333333333,87.6891074371338,59.0301401518245,43.2087131872597,82.9904744277811,82.415397644043
"212",2022-08-04,11.4632726328149,2.45048562533982,3.341548074,75.6979891563107,86.5834660744021,0.687060697,87.9544997793737,0.36,60.42521632,0.676405254732288,-82053300,19.6555604,182.4444444,35.93897029,10.69676719,56.7746492424975,0.15205652173913,87.5750303649902,51.9178051250738,56.0185921151841,83.0392790769253,84.234992980957
"213",2022-08-05,12.176756440194,2.47755294999225,3.341548074,76.0198765567667,87.0484828182333,0.687060697,87.9063135515817,0.36,60.42521632,0.87306128965831,-68759800,19.6555604,182.4444444,35.93897029,10.69676719,59.6166038903437,0.263748,87.4937142181396,56.7408584847869,70.9952701519168,83.1366052023745,85.5210952758789
"214",2022-08-08,12.3506760518049,2.49520153731644,3.341548074,77.1489077318821,86.7606580029812,0.687060697,87.8245590250343,0.36,60.42521632,0.878113641873881,-80880100,19.6555604,182.4444444,35.93897029,10.69676719,54.3956995382652,0.210190196078431,87.368650894165,66.9953870172483,73.9722987846437,83.1617465654554,83.7777099609375
"215",2022-08-09,11.5308515665466,2.55513973058824,3.341548074,78.4814906398645,86.0101544101843,0.687060697,87.69292272076,0.36,60.42521632,0.664595071624774,-93955100,19.6555604,182.4444444,35.93897029,10.69676719,47.6865151793555,0.312556,87.17881980896,64.9186464046726,49.7883702774571,83.0839104514838,81.1769256591797
"216",2022-08-10,11.2938408339886,2.60807449993657,3.341548074,79.426608736288,85.7681048562413,0.687060697,87.6291648878864,0.36,60.42521632,0.75268155292396,-83250500,19.6555604,182.4444444,35.93897029,10.69676719,55.2243178734582,0.252754166666667,87.0143695831299,55.8993250595385,43.9373061165145,83.1383905185097,84.4731521606445
"217",2022-08-11,11.7836901399269,2.58033613749599,3.341548074,79.7908976628773,85.9611279413707,0.687060697,87.5827049118132,0.36,60.42521632,0.877715759023374,-72091700,19.6555604,182.4444444,35.93897029,10.69676719,56.86854575785,0.407844827586207,86.8558374023438,48.3409292614327,51.2971113903263,83.2224903450854,85.2829360961914
"218",2022-08-12,12.3391931567922,2.52055348296982,3.341548074,79.7125356676809,86.5377374646433,0.687060697,87.5624436121208,0.36,60.42521632,1.06750947045786,-59992900,19.6555604,182.4444444,35.93897029,10.69676719,59.3996543166088,0.200990909090909,86.7081758117676,57.8588665142761,78.3421820359873,83.353353832625,86.5595092773438
"219",2022-08-15,13.0291433944573,2.47252683170605,3.341548074,80.0423987635867,86.9690575352414,0.687060697,87.555977570461,0.36,60.42521632,1.25800067054178,-44043400,19.6555604,182.4444444,35.93897029,10.69676719,60.7151336314851,0.257980357142857,86.5661408996582,72.7035964933019,88.4714960535919,83.5056108787299,87.2359085083008
"220",2022-08-16,13.0310336246899,2.50006120448032,3.341548074,80.1640658282234,87.209404478173,0.687060697,87.5190786319718,0.36,60.42521632,1.2697952917888,-54609500,19.6555604,182.4444444,35.93897029,10.69676719,56.2377734211741,0.221552631578947,86.4246884918213,83.6744643006481,84.209714812365,83.591374419829,85.6925811767578
"221",2022-08-17,12.992867841519,2.42151512368701,3.341548074,80.2939700517209,87.3310055342166,0.687060697,87.4687618422201,0.36,60.42521632,1.20756830521582,-63702600,19.6555604,182.4444444,35.93897029,10.69676719,54.2434237644446,0.273066666666667,86.2517358398437,77.6192214384294,60.1764534493311,83.6457550602088,84.9780807495117
"222",2022-08-18,12.9289989422994,2.33360948544781,3.341548074,80.325250126492,87.4407181962619,0.687060697,87.4207616874894,0.36,60.42521632,1.15037217210529,-52754900,19.6555604,182.4444444,35.93897029,10.69676719,54.4059096882246,0.14886,86.0907270812988,60.3076434591297,36.5367621156928,83.7006177648406,85.0447540283203
"223",2022-08-19,12.2161554374169,2.32002995801624,3.341548074,80.4265919361095,87.4232112255116,0.687060697,87.3346622213502,0.36,60.42521632,0.935138964248097,-62357700,19.6555604,182.4444444,35.93897029,10.69676719,48.8773381030592,0.325127272727273,85.9137888336182,37.639423995571,16.205056421689,83.6759950543551,83.0727386474609
"224",2022-08-22,11.9823052441527,2.30810081953999,3.341548074,80.2519156198212,87.4969048757842,0.687060697,87.213292929848,0.36,60.42521632,0.606899630535963,-70411700,19.6555604,182.4444444,35.93897029,10.69676719,44.2882483258981,0.435047826086957,85.6905062103271,21.1901858552924,10.8287390284952,83.5791134051839,81.2055130004883
"225",2022-08-23,11.5086462347226,2.25279344391678,3.341548074,80.566909626277,87.3352906911058,0.687060697,87.1092298420219,0.36,60.42521632,0.402851814419037,-61949200,19.6555604,182.4444444,35.93897029,10.69676719,46.4698048132638,0.11754375,85.4986309814453,12.4452167404563,10.3018547711847,83.5155445263386,81.9581069946289
"226",2022-08-24,11.0688200116803,2.15516409061754,3.341548074,80.30829816774,87.3966998486174,0.687060697,86.9983611464922,0.36,60.42521632,0.202676736237322,-69035000,19.6555604,182.4444444,35.93897029,10.69676719,45.3324786415958,0.0736347826086956,85.3256860351563,11.5273830336607,13.4515553013021,83.4369098671792,81.5103607177734
"227",2022-08-25,10.5671497278591,2.13936104125746,3.341548074,80.2639566475577,87.3419637625986,0.687060697,86.9276061125734,0.36,60.42521632,0.196287963012395,-62432900,19.6555604,182.4444444,35.93897029,10.69676719,50.8704332311671,0.0953384615384615,85.1858206939697,19.8877407023121,35.9098120344493,83.4364519089993,83.4252319335938
"228",2022-08-26,10.1337412122422,2.20021955114075,3.341548074,79.8513020421207,87.39832030285,0.687060697,86.804864838125,0.36,60.42521632,-0.0260247137611174,-71814400,19.6555604,182.4444444,35.93897029,10.69676719,44.097069057308,0.299352631578947,85.0000410461426,26.2347506806467,29.3428847061884,83.3302840597417,80.7291717529297
"229",2022-08-29,10.4709066112756,2.17643521909658,3.341548074,79.1997646396696,87.7202327663363,0.687060697,86.6488995816229,0.36,60.42521632,-0.343538541585232,-81454100,19.6555604,182.4444444,35.93897029,10.69676719,40.2432372452627,0.173647368421053,84.8179578399658,30.2307003632766,25.439404349192,83.1576697587623,78.9286193847656
"230",2022-08-30,11.1581894692021,2.17408310847166,3.341548074,78.633065944655,87.9763609352278,0.687060697,86.4948913294941,0.36,60.42521632,-0.592945867748597,-89846400,19.6555604,182.4444444,35.93897029,10.69676719,40.1234050142927,0.268060869565217,84.6478126525879,20.6779940521622,7.25169310110615,82.9895839975999,78.8714828491211
"231",2022-08-31,11.3402149668513,2.16033104983566,3.341548074,78.1926323151805,88.1157523894094,0.687060697,86.3544969643777,0.36,60.42521632,-0.7390354006493,-80959300,19.6555604,182.4444444,35.93897029,10.69676719,41.8641077691905,0.241314285714286,84.4892571258545,15.9661025336136,15.2072101505424,82.8490111306788,79.4049758911133
"232",2022-09-01,12.4898102972304,2.22581707221115,3.341548074,77.3767465365244,88.2857282864736,0.687060697,86.1846236416185,0.36,60.42521632,-0.975026193456074,-92525300,19.6555604,182.4444444,35.93897029,10.69676719,38.211059605145,0.113185714285714,84.3260671234131,14.60206231776,21.3472837016314,82.6500653673204,77.7758941650391
"233",2022-09-02,12.9856116735345,2.22810357605431,3.341548074,76.5583788635746,88.2590787169918,0.687060697,86.0041543190431,0.36,60.42521632,-1.20504488298707,-101375400,19.6555604,182.4444444,35.93897029,10.69676719,36.7179052287012,0.116401923076923,84.172127456665,19.1816189913449,20.9903631218608,82.4312754647416,77.0709228515625
"234",2022-09-06,13.7927057808763,2.17170561842722,3.341548074,75.6374668976415,88.4264292815577,0.687060697,85.8108462324733,0.36,60.42521632,-1.43764349668902,-114079800,19.6555604,182.4444444,35.93897029,10.69676719,34.9869007865918,0.131473913043478,84.011131439209,19.1982283713306,15.2570382904993,82.1885625424877,76.2420959472656
"235",2022-09-07,14.9277977283753,2.14927676699372,3.341548074,74.8985036212549,88.6642885845557,0.687060697,85.6198569194598,0.36,60.42521632,-1.6095749080751,-123923300,19.6555604,182.4444444,35.93897029,10.69676719,34.8243324298757,0.1909625,83.8108975219727,17.8443738780464,17.285720221779,81.952379145735,76.165885925293
"236",2022-09-08,15.6829718665201,2.12981122416872,3.341548074,74.2397054132405,88.5199877325115,0.687060697,85.4381203776895,0.36,60.42521632,-1.70389718934416,-115741600,19.6555604,182.4444444,35.93897029,10.69676719,35.9855766409203,0.192792,83.643183517456,19.4866844490703,25.9172948349325,81.7362921815908,76.4421615600586
"237",2022-09-09,15.9001730503382,2.07430948347562,3.341548074,73.9206701301227,88.0778390861859,0.687060697,85.2843179306413,0.36,60.42521632,-1.6603440606377,-108656900,19.6555604,182.4444444,35.93897029,10.69676719,41.0196177005905,0.180755555555556,83.4838733673096,29.7001874457634,45.8975472805787,81.5768727549307,77.6710968017578
"238",2022-09-12,15.6743187365908,1.99215114745403,3.341548074,73.8960694768038,87.2726645014677,0.687060697,85.1452573161132,0.36,60.42521632,-1.56018175493159,-100753900,19.6555604,182.4444444,35.93897029,10.69676719,43.3264327772299,0.2428,83.3240257263184,46.5596670412259,67.8641590081665,81.4468682114813,78.2617568969727
"239",2022-09-13,16.5438844536667,2.09686767722589,3.341548074,73.6151987595382,86.3379292922196,0.687060697,84.9459423047677,0.36,60.42521632,-1.71775455612172,-113589000,19.6555604,182.4444444,35.93897029,10.69676719,35.3136641287913,0.356854545454545,83.1365287780762,57.3494489840732,58.2866406634743,81.197181193116,75.0798492431641
"240",2022-09-14,17.3513383338086,2.03895647641759,3.341548074,73.4604697238454,85.5123627651683,0.687060697,84.7666092997093,0.36,60.42521632,-1.7570359393996,-104739400,19.6555604,182.4444444,35.93897029,10.69676719,38.4342150137496,0.246993103448276,82.9699230957031,56.9424842764155,44.6766531576054,80.9890417561042,75.8896255493164
"241",2022-09-15,18.3650148041473,2.00144045333786,3.341548074,73.1600576302333,84.7858972647862,0.687060697,84.5674547553501,0.36,60.42521632,-1.8619453905583,-115272500,19.6555604,182.4444444,35.93897029,10.69676719,35.728667337886,0.185410526315789,82.8102783966064,39.8018851211603,16.4423615424009,80.7427775621225,74.7093048095703
"242",2022-09-16,19.5292153384316,1.93238780350609,3.341548074,73.0560631056089,83.8477225999575,0.687060697,84.3705360895766,0.36,60.42521632,-1.92980041172152,-125877000,19.6555604,182.4444444,35.93897029,10.69676719,35.5318506714394,0.36285,82.644464263916,26.4512244658111,18.2346586974268,80.5027887217957,74.6230621337891
"243",2022-09-19,20.7206203276066,1.90932697094505,3.341548074,72.8844100596326,83.2069824574573,0.687060697,84.1839671920146,0.36,60.42521632,-1.93498582358369,-115498400,19.6555604,182.4444444,35.93897029,10.69676719,36.9447334908134,0.14622,82.5147920227051,18.9703687924174,22.2340861374242,80.2849855077133,74.9488067626953
"244",2022-09-20,21.688292649894,1.83658886322206,3.341548074,72.6050531969724,82.8530049695315,0.687060697,83.999575158403,0.36,60.42521632,-1.92311086197007,-123701200,19.6555604,182.4444444,35.93897029,10.69676719,36.740721330742,-0.00509705882352941,82.4081400299072,25.7393474041185,36.7492973775044,80.0727182130826,74.8721694946289
"245",2022-09-21,22.0136165125523,1.85390267292711,3.341548074,72.3308648278808,82.3218352148438,0.687060697,83.7996731900551,0.36,60.42521632,-1.96908227725946,-134570200,19.6555604,182.4444444,35.93897029,10.69676719,34.1746553532923,0.157548979591837,82.2448067474365,32.1794284089573,37.5549017119432,79.8308283128376,73.9045257568359
"246",2022-09-22,22.9287895456649,1.84329179150715,3.341548074,71.8363970527509,81.9110516777178,0.687060697,83.5750825842167,0.36,60.42521632,-2.09806460951283,-145388100,19.6555604,182.4444444,35.93897029,10.69676719,30.7201591487306,0.07025,82.0887084960937,33.5300963663348,26.2860900095566,79.5416918141073,72.4578475952148
"247",2022-09-23,24.42008403828,1.88544742454367,3.341548074,71.4833041486558,80.9987881365004,0.687060697,83.3215496118653,0.36,60.42521632,-2.30971966975363,-158073600,19.6555604,182.4444444,35.93897029,10.69676719,27.2612223797249,0.405555555555556,81.9078828430176,25.808383187806,13.5841578419179,79.1977692912195,70.7716674804688
"248",2022-09-26,25.8489696875112,1.83768237009401,3.341548074,70.6654913270703,80.738459173418,0.687060697,83.0567219741303,0.36,60.42521632,-2.51494999159218,-171515100,19.6555604,182.4444444,35.93897029,10.69676719,25.7363665874101,0.0846,81.7200499725342,15.599429084837,6.92803940303642,78.8350235898481,69.94775390625
"249",2022-09-27,27.32732751339,1.82207069331739,3.341548074,69.8632504241289,80.6445292694747,0.687060697,82.7975178026806,0.36,60.42521632,-2.64555435361078,-159084500,19.6555604,182.4444444,35.93897029,10.69676719,25.8402369370855,0.082384,81.5100434875488,9.47283192827897,7.90629853988239,78.4872544810666,69.966911315918
"250",2022-09-28,29.1061331812189,1.85137088002752,3.341548074,69.0166101311618,80.5144872809476,0.687060697,82.5263721042944,0.36,60.42521632,-2.78651451893654,-172028100,19.6555604,182.4444444,35.93897029,10.69676719,24.1996253021728,0.201522222222222,81.3278052520752,8.81311751109128,11.6050145903548,78.1193096007965,69.1046600341797
"251",2022-09-29,31.2134537730925,1.9689093889331,3.341548074,67.7007107754752,80.5273081759408,0.687060697,82.2065269395397,0.36,60.42521632,-3.08301341463124,-188148400,19.6555604,182.4444444,35.93897029,10.69676719,19.8925065121903,0.15521875,81.1231902313232,11.7196448132427,15.6476213094908,77.6587167256351,66.3741912841797
